t,x,y,z,yaw
0.0160,-0.021857,-0.009696,0.119058,-37.6849
0.0320,-0.023489,-0.012149,0.118348,-37.6530
0.0630,-0.022916,-0.011042,0.118797,-37.6710
0.0790,-0.023364,-0.012134,0.119166,-37.6873
0.0940,-0.023484,-0.012950,0.118691,-37.6679
0.1100,-0.023492,-0.011879,0.119521,-37.6946
0.1250,-0.023285,-0.011504,0.119936,-37.7215
0.1570,-0.023287,-0.011484,0.120055,-37.7230
0.1720,-0.023291,-0.011466,0.120178,-37.7220
0.1880,-0.023647,-0.011931,0.118512,-37.6787
0.2040,-0.023668,-0.011597,0.117813,-37.6691
0.2350,-0.023720,-0.011636,0.117607,-37.6683
0.2500,-0.023774,-0.011681,0.117405,-37.6693
0.2660,-0.023831,-0.011725,0.117205,-37.6696
0.2970,-0.024755,-0.013069,0.115874,-37.6394
0.3130,-0.025062,-0.013627,0.115037,-37.6174
0.3290,-0.026450,-0.012949,0.114196,-37.6153
0.3440,-0.027235,-0.012856,0.113447,-37.5822
0.3750,-0.023805,-0.011493,0.117131,-37.6253
0.3910,-0.024480,-0.012131,0.116618,-37.5874
0.4070,-0.024851,-0.012911,0.116199,-37.5645
0.4220,-0.024119,-0.012640,0.117935,-37.5927
0.4540,-0.023873,-0.012569,0.118864,-37.6155
0.4690,-0.023779,-0.012613,0.119536,-37.6250
0.4850,-0.023610,-0.011894,0.120451,-37.6541
0.5160,-0.023667,-0.012554,0.120043,-37.6282
0.5320,-0.023573,-0.013185,0.119353,-37.6071
0.5470,-0.023528,-0.013280,0.119452,-37.6088
0.5630,-0.023475,-0.013379,0.119552,-37.6093
0.5940,-0.023682,-0.012206,0.120871,-37.6435
0.6100,-0.023614,-0.011925,0.121389,-37.6736
0.6250,-0.022692,-0.010770,0.120041,-37.6985
0.6570,-0.023283,-0.011812,0.120334,-37.6976
0.6720,-0.023453,-0.012348,0.120214,-37.7022
0.6880,-0.023538,-0.012306,0.119536,-37.6914
0.7040,-0.023653,-0.012517,0.119634,-37.6963
0.7350,-0.023620,-0.012421,0.119607,-37.6967
0.7500,-0.023588,-0.012324,0.119577,-37.6960
0.7660,-0.023514,-0.012152,0.119002,-37.6813
0.7970,-0.023477,-0.012018,0.118893,-37.6824
0.8130,-0.023657,-0.012918,0.117958,-37.6588
0.8290,-0.023238,-0.011210,0.118614,-37.6701
0.8440,-0.023853,-0.012391,0.118024,-37.6416
0.8750,-0.024074,-0.013163,0.117228,-37.6232
0.8910,-0.024112,-0.013213,0.116938,-37.6219
0.9070,-0.024156,-0.013261,0.116648,-37.6213
0.9220,-0.024820,-0.012281,0.115846,-37.6052
0.9540,-0.025106,-0.011838,0.115245,-37.5809
0.9690,-0.025239,-0.011688,0.114867,-37.5800
0.9850,-0.025372,-0.011532,0.114489,-37.5803
1.0160,-0.026773,-0.012527,0.113423,-37.5589
1.0320,-0.027288,-0.012763,0.112824,-37.5564
1.0470,-0.027594,-0.012781,0.112367,-37.5556
1.0630,-0.028155,-0.012668,0.112192,-37.5298
1.0940,-0.028436,-0.012746,0.112088,-37.5283
1.1100,-0.028666,-0.012640,0.111805,-37.5198
1.1250,-0.024069,-0.011682,0.116992,-37.5661
1.1570,-0.023996,-0.011612,0.117115,-37.5660
1.1720,-0.023837,-0.011274,0.116848,-37.5517
1.1880,-0.022461,-0.010318,0.117849,-37.5917
1.2040,-0.023381,-0.011963,0.118099,-37.5740
1.2350,-0.023284,-0.011512,0.117836,-37.5698
1.2500,-0.023219,-0.011181,0.117574,-37.5479
1.2660,-0.024355,-0.011925,0.116392,-37.5415
1.2820,-0.023639,-0.012224,0.117769,-37.5686
1.3130,-0.023796,-0.013010,0.117432,-37.5510
1.3290,-0.023384,-0.011738,0.118773,-37.5801
1.3600,-0.023677,-0.012719,0.118472,-37.5611
1.3750,-0.023640,-0.012798,0.118586,-37.5619
1.3910,-0.023602,-0.012878,0.118699,-37.5606
1.4070,-0.023621,-0.013875,0.117704,-37.5480
1.4220,-0.023747,-0.012227,0.119754,-37.5823
1.4540,-0.023056,-0.011104,0.119565,-37.6067
1.4690,-0.022325,-0.010380,0.118676,-37.5896
1.4850,-0.022183,-0.010216,0.118724,-37.5888
1.5160,-0.021846,-0.010010,0.118379,-37.5840
1.5320,-0.021671,-0.009836,0.118369,-37.5839
1.5470,-0.021494,-0.009659,0.118365,-37.5830
1.5630,-0.023673,-0.012103,0.117211,-37.5711
1.5940,-0.024036,-0.011737,0.116587,-37.5589
1.6100,-0.024124,-0.011810,0.116385,-37.5577
1.6250,-0.024220,-0.011886,0.116183,-37.5574
1.6570,-0.025305,-0.013172,0.115033,-37.5387
1.6720,-0.026273,-0.012782,0.114372,-37.5266
1.6880,-0.026931,-0.012529,0.113894,-37.5018
1.7040,-0.022969,-0.010697,0.117217,-37.5436
1.7350,-0.022154,-0.010099,0.117666,-37.5798
1.7500,-0.021704,-0.009807,0.117808,-37.5982
1.7660,-0.021439,-0.009617,0.117888,-37.6205
1.7820,-0.021254,-0.009504,0.117932,-37.6392
1.8130,-0.021050,-0.009357,0.117991,-37.6400
1.8290,-0.021104,-0.009213,0.117941,-37.6647
1.8440,-0.020916,-0.009057,0.117981,-37.6635
1.8750,-0.020723,-0.008899,0.118020,-37.6625
1.8910,-0.020880,-0.008893,0.117686,-37.6923
1.9220,-0.022609,-0.011191,0.118799,-37.6578
1.9380,-0.023277,-0.011757,0.118721,-37.6712
1.9540,-0.023593,-0.011965,0.118619,-37.6738
1.9690,-0.024168,-0.012387,0.117778,-37.6602
1.9850,-0.023311,-0.011299,0.118358,-37.6760
2.0160,-0.024032,-0.012102,0.117633,-37.6445
2.0320,-0.023341,-0.011434,0.118523,-37.6714
2.0470,-0.023888,-0.012686,0.118152,-37.6572
2.0790,-0.023362,-0.011477,0.118611,-37.6743
2.0940,-0.023243,-0.011297,0.118138,-37.6662
2.1100,-0.023188,-0.011163,0.117727,-37.6593
2.1250,-0.023250,-0.011285,0.117626,-37.6579
2.1570,-0.022570,-0.010629,0.118498,-37.6851
2.1720,-0.023522,-0.012314,0.118391,-37.6634
2.1880,-0.023862,-0.013430,0.117799,-37.6420
2.2040,-0.023858,-0.012267,0.119354,-37.6700
2.2350,-0.023631,-0.011901,0.120133,-37.6956
2.2500,-0.023532,-0.011770,0.120705,-37.7220
2.2660,-0.023610,-0.011909,0.120981,-37.7211
2.2820,-0.023618,-0.011888,0.121471,-37.7482
2.3130,-0.023728,-0.012563,0.120676,-37.7267
2.3290,-0.023846,-0.012336,0.118775,-37.6963
2.3440,-0.023531,-0.011863,0.119627,-37.7222
2.3750,-0.023589,-0.012012,0.119643,-37.7232
2.3910,-0.023649,-0.012162,0.119662,-37.7207
2.4070,-0.023708,-0.012318,0.119686,-37.7197
2.4220,-0.023956,-0.013527,0.118175,-37.7012
2.4540,-0.024037,-0.013824,0.118009,-37.7005
2.4690,-0.024122,-0.014127,0.117846,-37.7017
2.4850,-0.023486,-0.011663,0.119201,-37.7229
2.5160,-0.023256,-0.011281,0.119735,-37.7549
2.5320,-0.023766,-0.012227,0.119677,-37.7325
2.5470,-0.023582,-0.011823,0.120285,-37.7583
2.5630,-0.022925,-0.010995,0.119630,-37.7601
2.5940,-0.022887,-0.010895,0.119702,-37.7585
2.6100,-0.022407,-0.010318,0.118931,-37.7420
2.6250,-0.023205,-0.011815,0.119311,-37.7361
2.6570,-0.023082,-0.011293,0.119731,-37.7694
2.6720,-0.023062,-0.011232,0.119785,-37.7695
2.6880,-0.023568,-0.012500,0.119204,-37.7428
2.7040,-0.023587,-0.012584,0.119135,-37.7445
2.7350,-0.023681,-0.011898,0.118044,-37.7231
2.7500,-0.023712,-0.011518,0.117261,-37.7146
2.7660,-0.023742,-0.011480,0.117021,-37.7127
2.7820,-0.024813,-0.012705,0.115893,-37.6826
2.8130,-0.023887,-0.012580,0.118082,-37.6990
2.8290,-0.023246,-0.011221,0.118566,-37.7079
2.8440,-0.022852,-0.010872,0.118939,-37.7376
2.8750,-0.022534,-0.010525,0.118551,-37.7169
2.8910,-0.022301,-0.010302,0.118749,-37.7452
2.9070,-0.022202,-0.010206,0.118813,-37.7463
2.9220,-0.022099,-0.010107,0.118884,-37.7453
2.9540,-0.021989,-0.010004,0.118957,-37.7461
2.9690,-0.021871,-0.009896,0.119032,-37.7461
2.9850,-0.023354,-0.012005,0.117795,-37.7092
3.0160,-0.022763,-0.010899,0.118425,-37.7311
3.0320,-0.022746,-0.010930,0.118418,-37.7301
3.0470,-0.022729,-0.010960,0.118412,-37.7302
3.0790,-0.022716,-0.010993,0.118408,-37.7295
3.0940,-0.022701,-0.011026,0.118408,-37.7301
3.1100,-0.022683,-0.011057,0.118411,-37.7300
3.1250,-0.023743,-0.013201,0.117294,-37.7087
3.1570,-0.024521,-0.012532,0.116419,-37.6945
3.1720,-0.023766,-0.012363,0.117873,-37.6874
3.1880,-0.023744,-0.012388,0.118204,-37.6852
3.2040,-0.023811,-0.012455,0.118224,-37.6837
3.2350,-0.024001,-0.013223,0.117597,-37.6673
3.2500,-0.024107,-0.013826,0.116932,-37.6479
3.2660,-0.024198,-0.014006,0.116765,-37.6479
3.2820,-0.024289,-0.014190,0.116596,-37.6486
3.3130,-0.025339,-0.012980,0.115721,-37.6463
3.3290,-0.026206,-0.012907,0.114585,-37.5953
3.3440,-0.026572,-0.013106,0.113924,-37.5715
3.3750,-0.026853,-0.013194,0.113396,-37.5489
3.3910,-0.024378,-0.012751,0.117237,-37.5762
3.4070,-0.024389,-0.012723,0.117295,-37.5771
3.4380,-0.024897,-0.012629,0.116395,-37.5745
3.4540,-0.023448,-0.011160,0.117920,-37.6007
3.4690,-0.023389,-0.011419,0.118734,-37.6225
3.4850,-0.023197,-0.011279,0.118959,-37.6383
3.5160,-0.022849,-0.010932,0.119439,-37.6683
3.5320,-0.022728,-0.010770,0.119747,-37.6683
3.5470,-0.022210,-0.010293,0.119217,-37.6859
3.5630,-0.022125,-0.010185,0.119318,-37.7133
3.5940,-0.022958,-0.011705,0.119846,-37.6945
3.6100,-0.023084,-0.012748,0.119440,-37.6844
3.6250,-0.023018,-0.011340,0.119378,-37.7000
3.6410,-0.022951,-0.011246,0.119459,-37.7002
3.6720,-0.022799,-0.010887,0.119794,-37.7312
3.6880,-0.023362,-0.011997,0.119761,-37.7034
3.7040,-0.023333,-0.011531,0.120289,-37.7332
3.7350,-0.023593,-0.012358,0.119919,-37.7117
3.7500,-0.023605,-0.012369,0.120010,-37.7120
3.7660,-0.023466,-0.011565,0.118974,-37.6977
3.7820,-0.023039,-0.011068,0.119624,-37.7266
3.8130,-0.022984,-0.010928,0.119680,-37.7273
3.8290,-0.023653,-0.012173,0.119321,-37.6991
3.8440,-0.023677,-0.012205,0.119310,-37.6989
3.8750,-0.023697,-0.012233,0.119303,-37.6977
3.8910,-0.023719,-0.012258,0.119297,-37.6984
3.9070,-0.023546,-0.011549,0.117929,-37.6850
3.9220,-0.024664,-0.012804,0.116548,-37.6696
3.9540,-0.023810,-0.012027,0.118478,-37.6787
3.9690,-0.024081,-0.012807,0.118020,-37.6677
3.9850,-0.024126,-0.012887,0.117944,-37.6672
4.0000,-0.024679,-0.012604,0.116745,-37.6187
4.0320,-0.024771,-0.012671,0.116539,-37.6176
4.0470,-0.024865,-0.012738,0.116337,-37.6176
4.0630,-0.025647,-0.012785,0.115153,-37.5987
4.0940,-0.023501,-0.011230,0.117536,-37.6231
4.1100,-0.024102,-0.011871,0.117114,-37.5825
4.1250,-0.024085,-0.011853,0.117080,-37.5823
4.1410,-0.024538,-0.012826,0.116558,-37.5724
4.1720,-0.024826,-0.012344,0.116104,-37.5622
4.1880,-0.024880,-0.012346,0.115943,-37.5631
4.2040,-0.023284,-0.011148,0.118492,-37.6061
4.2350,-0.023745,-0.011681,0.117941,-37.5658
4.2500,-0.023663,-0.011592,0.118054,-37.5662
4.2660,-0.024271,-0.012142,0.117103,-37.5476
4.2820,-0.024590,-0.012922,0.116458,-37.5441
4.3130,-0.023782,-0.011850,0.118161,-37.6702
4.3290,-0.023416,-0.011271,0.118336,-38.3689
4.3440,-0.022555,-0.009243,0.119375,-39.5877
4.3600,-0.022725,-0.007834,0.119874,-40.3266
4.3910,-0.022428,-0.006915,0.119327,-40.5930
4.4070,-0.021751,-0.005904,0.119071,-41.0947
4.4220,-0.022053,-0.006869,0.119078,-41.2901
4.4540,-0.022123,-0.005485,0.119509,-41.3337
4.4690,-0.021664,-0.004412,0.119162,-40.9353
4.4850,-0.022710,-0.005792,0.119171,-40.5616
4.5000,-0.023544,-0.006102,0.118230,-40.3396
4.5320,-0.023233,-0.003889,0.119059,-40.1125
4.5470,-0.023165,-0.003469,0.119369,-39.9698
4.5630,-0.022393,-0.002814,0.119828,-39.9083
4.5940,-0.021794,-0.002630,0.120500,-39.8477
4.6100,-0.021027,-0.002852,0.121696,-39.7780
4.6250,-0.021874,-0.005199,0.123331,-39.7643
4.6410,-0.020930,-0.005433,0.126266,-39.9239
4.6720,-0.019255,-0.004769,0.129758,-40.1112
4.6880,-0.018074,-0.004909,0.135256,-40.3101
4.7040,-0.016901,-0.004300,0.142133,-40.3306
4.7350,-0.015707,-0.004596,0.149634,-40.3528
4.7500,-0.016445,-0.007942,0.158266,-40.4278
4.7660,-0.015446,-0.007083,0.167343,-40.6750
4.7820,-0.014314,-0.007806,0.177340,-41.0850
4.8130,-0.013233,-0.008734,0.188391,-41.7162
4.8290,-0.012190,-0.009671,0.200230,-42.3329
4.8440,-0.011200,-0.010483,0.212760,-42.7937
4.8600,-0.011368,-0.010939,0.225444,-43.2701
4.8910,-0.010563,-0.011254,0.239581,-43.4957
4.9070,-0.010298,-0.011385,0.254104,-43.4658
4.9220,-0.009759,-0.011263,0.269553,-43.2704
4.9540,-0.009718,-0.011396,0.284806,-43.2753
4.9690,-0.009630,-0.011476,0.300508,-43.4164
4.9850,-0.009526,-0.011424,0.316673,-43.4584
5.0000,-0.009353,-0.011107,0.333479,-43.3481
5.0320,-0.012772,-0.015435,0.358105,-43.1130
5.0470,-0.014003,-0.017386,0.375944,-43.0830
5.0630,-0.015118,-0.018265,0.393483,-43.6558
5.0940,-0.016150,-0.019194,0.410909,-44.5397
5.1100,-0.017017,-0.019768,0.428367,-44.9974
5.1250,-0.017523,-0.020042,0.445281,-44.8375
5.1410,-0.018698,-0.019875,0.463214,-44.4871
5.1720,-0.019458,-0.020211,0.480917,-44.5186
5.1880,-0.020362,-0.020796,0.498797,-44.7484
5.2040,-0.021191,-0.021579,0.516592,-45.0828
5.2350,-0.021454,-0.022749,0.533345,-45.4727
5.2500,-0.022128,-0.023539,0.550471,-45.8508
5.2660,-0.022337,-0.023963,0.566185,-45.7202
5.2820,-0.022786,-0.024095,0.581740,-44.8560
5.3130,-0.023461,-0.024293,0.597171,-43.9701
5.3290,-0.024332,-0.025038,0.612719,-43.6787
5.3440,-0.025093,-0.026249,0.627671,-43.9314
5.3750,-0.025846,-0.027830,0.642148,-44.5175
5.3910,-0.026666,-0.029498,0.656342,-45.1852
5.4070,-0.027704,-0.030952,0.670059,-45.8709
5.4220,-0.026515,-0.029374,0.686152,-45.9321
5.4540,-0.026328,-0.027743,0.700514,-44.9781
5.4690,-0.026914,-0.027309,0.712280,-43.8705
5.4850,-0.027684,-0.027610,0.723349,-43.4035
5.5000,-0.028508,-0.028408,0.733360,-43.9585
5.5320,-0.029361,-0.029794,0.742604,-44.3930
5.5470,-0.030807,-0.030532,0.752322,-44.8122
5.5630,-0.032362,-0.030906,0.761588,-45.0202
5.5940,-0.033957,-0.030878,0.770210,-44.9372
5.6100,-0.035651,-0.030608,0.778182,-44.3455
5.6250,-0.037991,-0.029613,0.786639,-43.6007
5.6410,-0.042090,-0.033193,0.793095,-42.9077
5.6720,-0.044405,-0.033940,0.800246,-42.8921
5.6880,-0.046811,-0.034925,0.807602,-43.3180
5.7040,-0.049317,-0.035948,0.815267,-43.9551
5.7190,-0.052394,-0.037964,0.821519,-44.2773
5.7500,-0.054903,-0.038535,0.826985,-44.4496
5.7660,-0.054915,-0.037178,0.836933,-44.5609
5.7970,-0.056846,-0.037220,0.843150,-44.4761
5.8130,-0.057796,-0.036290,0.850199,-44.3544
5.8290,-0.059002,-0.035348,0.856825,-43.8844
5.8440,-0.060345,-0.034322,0.863505,-43.1854
5.8750,-0.061814,-0.033444,0.870445,-42.4793
5.8910,-0.063440,-0.032868,0.877468,-41.9795
5.9070,-0.065056,-0.032833,0.884305,-41.7906
5.9220,-0.066712,-0.033243,0.890922,-42.0145
5.9540,-0.068064,-0.033890,0.897272,-42.7319
5.9690,-0.069238,-0.034251,0.903738,-43.4153
5.9850,-0.070201,-0.034180,0.910447,-44.0185
6.0000,-0.071237,-0.033989,0.916997,-44.2328
6.0320,-0.072014,-0.033431,0.923324,-44.1505
6.0470,-0.072821,-0.032619,0.929688,-43.8322
6.0630,-0.073200,-0.031896,0.935448,-43.2536
6.0940,-0.073909,-0.030575,0.942731,-43.2609
6.1100,-0.074479,-0.029856,0.949172,-43.1907
6.1250,-0.075022,-0.029495,0.955703,-43.1302
6.1410,-0.075463,-0.029092,0.962267,-43.3292
6.1720,-0.076022,-0.028611,0.968866,-43.6315
6.1880,-0.076438,-0.028145,0.974967,-43.7252
6.2040,-0.076800,-0.028147,0.980508,-43.6378
6.2350,-0.077196,-0.027701,0.986401,-43.6921
6.2500,-0.077674,-0.027249,0.992323,-43.8599
6.2660,-0.078171,-0.026727,0.998077,-44.0726
6.2820,-0.078673,-0.026025,1.003605,-44.1389
6.3130,-0.078839,-0.025732,1.007784,-44.0055
6.3290,-0.079241,-0.024849,1.012145,-43.9618
6.3440,-0.079703,-0.023795,1.016269,-44.0507
6.3600,-0.080493,-0.022119,1.021210,-43.9192
6.3910,-0.081160,-0.020279,1.025681,-43.3901
6.4070,-0.081702,-0.018529,1.030036,-42.8248
6.4220,-0.082239,-0.016942,1.034227,-42.4978
6.4540,-0.082771,-0.015606,1.037877,-42.4769
6.4690,-0.083287,-0.014498,1.040930,-42.5946
6.4850,-0.083816,-0.013516,1.043755,-42.7189
6.5000,-0.084735,-0.012173,1.048088,-42.5978
6.5320,-0.085490,-0.011099,1.052094,-42.4114
6.5470,-0.086262,-0.010037,1.055944,-42.4259
6.5630,-0.086987,-0.009148,1.059683,-42.5990
6.5940,-0.087722,-0.008364,1.062981,-42.7963
6.6100,-0.088399,-0.007721,1.066250,-42.9428
6.6250,-0.089053,-0.007131,1.069357,-43.1259
6.6410,-0.089723,-0.006668,1.072385,-43.2370
6.6720,-0.090283,-0.006170,1.075125,-43.3556
6.6880,-0.090790,-0.005639,1.077707,-43.4016
6.7190,-0.091200,-0.005163,1.080170,-43.4403
6.7350,-0.091604,-0.004830,1.082585,-43.4596
6.7500,-0.092076,-0.004591,1.084902,-43.5586
6.7660,-0.092589,-0.004479,1.087140,-43.6934
6.7820,-0.093005,-0.004374,1.089157,-43.7736
6.8130,-0.093345,-0.004303,1.091073,-43.7335
6.8290,-0.093748,-0.004394,1.092945,-43.6907
6.8440,-0.094084,-0.004496,1.094720,-43.7050
6.8600,-0.094503,-0.004557,1.096390,-43.7059
6.8910,-0.094923,-0.004548,1.097845,-43.5801
6.9070,-0.095315,-0.004474,1.099142,-43.3478
6.9220,-0.095654,-0.004443,1.100448,-43.1744
6.9540,-0.095766,-0.004446,1.101914,-43.1601
6.9690,-0.095906,-0.004454,1.103533,-43.1979
6.9850,-0.096115,-0.004498,1.105052,-43.1334
7.0000,-0.096463,-0.004472,1.106453,-42.9174
7.0320,-0.096543,-0.004315,1.107633,-42.7034
7.0470,-0.096646,-0.004261,1.108726,-42.5268
7.0630,-0.096596,-0.004297,1.109844,-42.5792
7.0790,-0.096498,-0.004335,1.110909,-42.7160
7.1100,-0.096473,-0.004340,1.111929,-42.6099
7.1250,-0.096321,-0.004244,1.112842,-42.3657
7.1570,-0.096288,-0.004318,1.113682,-42.1599
7.1720,-0.096475,-0.004634,1.114387,-42.1985
7.1880,-0.096653,-0.004970,1.115050,-42.3151
7.2040,-0.096764,-0.005185,1.115704,-42.2654
7.2350,-0.096819,-0.005348,1.116474,-42.1589
7.2500,-0.096857,-0.005616,1.117344,-42.1748
7.2660,-0.096886,-0.006023,1.118132,-42.2940
7.2820,-0.096881,-0.006498,1.118779,-42.3748
7.3130,-0.096198,-0.006788,1.119929,-42.5060
7.3290,-0.095579,-0.007205,1.120993,-42.6767
7.3440,-0.094876,-0.007565,1.122054,-42.7814
7.3600,-0.094301,-0.007862,1.122898,-42.6087
7.3910,-0.093299,-0.008009,1.123824,-42.4322
7.4070,-0.093072,-0.008617,1.124444,-42.3861
7.4220,-0.092849,-0.009327,1.125013,-42.4709
7.4380,-0.092630,-0.010023,1.125586,-42.4961
7.4690,-0.092405,-0.010664,1.126124,-42.3916
7.4850,-0.091220,-0.010399,1.126990,-42.3400
7.5000,-0.090510,-0.010745,1.127428,-42.1468
7.5320,-0.089547,-0.011196,1.127779,-41.9910
7.5470,-0.088044,-0.011494,1.128285,-41.8996
7.5630,-0.086512,-0.011885,1.128658,-41.7482
7.5790,-0.085060,-0.012370,1.128884,-41.5647
7.6100,-0.083163,-0.012794,1.128991,-41.4980
7.6250,-0.081427,-0.013364,1.128863,-41.4932
7.6410,-0.079645,-0.013907,1.128739,-41.5565
7.6720,-0.077506,-0.014240,1.128854,-41.6295
7.6880,-0.075143,-0.014350,1.129220,-41.6050
7.7040,-0.072805,-0.014366,1.129862,-41.5009
7.7190,-0.070857,-0.014507,1.130627,-41.2514
7.7500,-0.068680,-0.014632,1.131367,-41.0528
7.7660,-0.066409,-0.014907,1.132051,-40.9501
7.7820,-0.064191,-0.015393,1.132607,-40.9848
7.8130,-0.061634,-0.015798,1.133297,-41.0324
7.8290,-0.058553,-0.015967,1.134271,-40.8799
7.8440,-0.055404,-0.015976,1.135359,-40.6326
7.8600,-0.052710,-0.016229,1.136335,-40.3308
7.8910,-0.050974,-0.016280,1.136852,-40.0736
7.9070,-0.047774,-0.017835,1.137767,-39.9863
7.9220,-0.044609,-0.018846,1.138696,-40.1535
7.9540,-0.041494,-0.020181,1.139776,-40.4563
7.9690,-0.039940,-0.022393,1.140597,-40.6419
7.9850,-0.038328,-0.024748,1.141647,-40.6578
8.0000,-0.036671,-0.027340,1.142710,-40.6836
8.0320,-0.034967,-0.030207,1.143553,-40.8244
8.0470,-0.033257,-0.033231,1.144171,-40.9414
8.0630,-0.031563,-0.036304,1.144759,-40.8395
8.0790,-0.029884,-0.039507,1.145414,-40.6915
8.1100,-0.028178,-0.042949,1.146076,-40.6924
8.1250,-0.020913,-0.045349,1.148917,-40.7081
8.1410,-0.017314,-0.048502,1.150216,-40.7219
8.1720,-0.014978,-0.052024,1.151056,-40.3944
8.1880,-0.012131,-0.055322,1.151927,-40.1277
8.2040,-0.009521,-0.059025,1.152864,-40.0850
8.2190,-0.007166,-0.063111,1.153774,-40.0873
8.2500,-0.004454,-0.067098,1.154716,-40.1643
8.2660,-0.002747,-0.071583,1.155345,-40.0011
8.2820,0.000198,-0.075755,1.156263,-39.8758
8.3130,0.001429,-0.080408,1.156747,-39.5532
8.3290,0.003931,-0.084589,1.157602,-39.3145
8.3440,0.004557,-0.086897,1.157891,-39.3112
8.3600,0.007457,-0.091075,1.158936,-39.1745
8.3910,0.009501,-0.095674,1.159911,-38.9226
8.4070,0.011714,-0.099897,1.161239,-38.5532
8.4220,0.014743,-0.103849,1.162827,-38.2649
8.4540,0.016254,-0.108594,1.163973,-38.1317
8.4690,0.019360,-0.112628,1.165198,-37.8929
8.4850,0.021627,-0.116892,1.165910,-37.5721
8.5000,0.024221,-0.120951,1.166728,-37.2087
8.5320,0.026742,-0.125092,1.167659,-37.0668
8.5470,0.029378,-0.129109,1.168551,-36.9789
8.5630,0.031336,-0.133364,1.169043,-36.7514
8.5790,0.032976,-0.137378,1.169188,-36.3754
8.6100,0.035279,-0.140942,1.169459,-35.9908
8.6250,0.037223,-0.144568,1.169833,-35.6967
8.6410,0.039029,-0.148177,1.170534,-35.4321
8.6570,0.042411,-0.153067,1.171822,-34.8778
8.6880,0.044481,-0.156341,1.172452,-34.6364
8.7040,0.047219,-0.159245,1.173186,-34.4254
8.7350,0.049455,-0.162278,1.174019,-34.1387
8.7500,0.050752,-0.163925,1.174435,-33.9667
8.7660,0.053213,-0.166822,1.175171,-33.5761
8.7820,0.055796,-0.169699,1.175827,-33.2786
8.8130,0.058502,-0.172598,1.176481,-33.1959
8.8290,0.061202,-0.175417,1.177660,-33.2657
8.8440,0.064113,-0.178000,1.178697,-33.1704
8.8600,-0.062156,-0.244135,1.148556,-32.9187
8.8910,-0.061558,-0.247730,1.148828,-32.5655
8.9070,-0.060531,-0.251053,1.149289,-32.2143
8.9220,-0.059278,-0.254391,1.149712,-31.9102
8.9380,-0.056413,-0.258610,1.150391,-31.6855
8.9690,-0.054463,-0.262407,1.150448,-31.4257
8.9850,-0.052418,-0.266244,1.150210,-31.2053
9.0000,-0.050210,-0.270021,1.149853,-31.1082
9.0320,-0.047840,-0.273790,1.149413,-30.7968
9.0470,-0.045241,-0.277611,1.149098,-30.6541
9.0630,-0.042481,-0.281462,1.148546,-30.5763
9.0790,-0.037073,-0.283994,1.148403,-30.5091
9.1100,-0.033756,-0.287629,1.147512,-30.5127
9.1250,-0.030259,-0.291266,1.146594,-30.4284
9.1410,-0.026484,-0.294862,1.145910,-30.3890
9.1720,-0.022667,-0.298538,1.145704,-30.3057
9.1880,-0.018641,-0.302146,1.145910,-30.2150
9.2190,-0.014351,-0.305851,1.146132,-30.2442
9.2190,-0.010185,-0.309311,1.146245,-30.1975
9.2500,-0.006371,-0.312971,1.146096,-30.0861
9.2660,-0.002268,-0.316424,1.145973,-29.9257
9.2820,0.002144,-0.319667,1.146130,-29.7319
9.3130,0.006790,-0.323009,1.146328,-29.4982
9.3290,0.011322,-0.326712,1.146390,-29.3544
9.3440,0.016253,-0.330128,1.146577,-29.1782
9.3600,0.021294,-0.333637,1.146854,-29.0277
9.3910,0.026216,-0.336996,1.148045,-28.9849
9.4070,0.030839,-0.341091,1.149343,-28.9468
9.4220,0.035935,-0.344584,1.150777,-28.9207
9.4540,0.040829,-0.348518,1.151663,-28.8147
9.4690,0.045776,-0.352030,1.152642,-28.6456
9.4850,0.050654,-0.355641,1.153643,-28.6075
9.5000,0.055508,-0.359193,1.154665,-28.7238
9.5320,0.060388,-0.362653,1.155847,-28.5873
9.5470,0.065010,-0.366422,1.157171,-28.4786
9.5630,0.069758,-0.370134,1.158571,-28.5175
9.5790,0.074090,-0.373791,1.160072,-28.6148
9.6100,0.078457,-0.377098,1.161485,-28.6199
9.6250,0.082938,-0.380560,1.162796,-28.5290
9.6410,0.087221,-0.384242,1.163901,-28.4931
9.6720,0.091070,-0.387452,1.165097,-28.5690
9.6880,0.095237,-0.391158,1.166393,-28.5507
9.7040,0.099429,-0.394653,1.167854,-28.4790
9.7190,0.103584,-0.398176,1.169383,-28.3454
9.7500,0.107684,-0.401990,1.170970,-28.3249
9.7660,0.111923,-0.405722,1.172044,-28.3917
9.7820,0.116195,-0.409436,1.172998,-28.4108
9.7970,0.121240,-0.413604,1.174290,-28.3429
9.8290,0.125370,-0.417012,1.175439,-28.3336
9.8440,0.129613,-0.420705,1.176535,-28.4985
9.8600,0.133830,-0.424367,1.177421,-28.6632
9.8910,0.137839,-0.427586,1.178092,-28.5369
9.9070,0.141699,-0.430707,1.178635,-28.3042
9.9220,0.145491,-0.433961,1.179265,-28.2107
9.9540,0.149289,-0.437331,1.179898,-28.2211
9.9690,0.153128,-0.440737,1.180530,-28.1730
9.9850,0.156905,-0.443914,1.181060,-28.0755
10.0000,0.160607,-0.447104,1.181601,-28.0978
10.0160,0.164246,-0.450270,1.181991,-28.1016
10.0470,0.167824,-0.453449,1.182195,-28.0991
10.0630,0.168552,-0.451662,1.184627,-28.3193
10.0790,0.172681,-0.456151,1.184113,-28.2742
10.1100,0.175875,-0.461235,1.183027,-28.3822
10.1250,0.179327,-0.465344,1.182066,-28.4172
10.1410,0.182512,-0.468844,1.181441,-28.3945
10.1720,0.185345,-0.471917,1.181016,-28.2439
10.1880,0.188010,-0.474875,1.180795,-28.0275
10.2040,0.190613,-0.477894,1.180501,-27.9754
10.2190,0.193159,-0.480985,1.180271,-27.8480
10.2500,0.195609,-0.484113,1.179965,-27.7457
10.2660,0.197946,-0.487177,1.179856,-27.5208
10.2820,0.200013,-0.490481,1.179892,-27.3124
10.3130,0.202134,-0.493528,1.179590,-27.1676
10.3290,0.204319,-0.496982,1.179522,-27.1600
10.3440,0.206527,-0.500336,1.179504,-27.1229
10.3600,0.208618,-0.503622,1.179571,-26.9324
10.3910,0.210567,-0.506914,1.179866,-26.7710
10.4070,0.212356,-0.510222,1.180740,-26.6734
10.4380,0.214071,-0.513439,1.181355,-26.5799
10.4540,0.214523,-0.515882,1.181682,-26.4167
10.4690,0.215831,-0.519081,1.182366,-26.3332
10.4850,0.217331,-0.521899,1.182632,-26.2074
10.5000,0.218701,-0.524689,1.183240,-26.0465
10.5320,0.220046,-0.527299,1.183880,-25.8130
10.5470,0.221356,-0.529903,1.184392,-25.5794
10.5630,0.222696,-0.532587,1.184836,-25.4278
10.5940,0.224109,-0.535490,1.185077,-25.4178
10.6100,0.225607,-0.538503,1.185211,-25.5294
10.6250,0.227145,-0.541395,1.185339,-25.5596
10.6410,0.226730,-0.543483,1.184738,-25.2420
10.6720,0.227921,-0.546139,1.184561,-24.8677
10.6880,0.227917,-0.543436,1.186262,-25.0384
10.7040,0.229402,-0.546024,1.186344,-25.0685
10.7350,0.232366,-0.548455,1.186721,-25.0042
10.7500,0.235032,-0.550423,1.186745,-24.7604
10.7660,0.235479,-0.557079,1.186992,-24.5925
10.7820,0.237646,-0.557607,1.187774,-24.6959
10.8130,0.238663,-0.561883,1.187728,-24.5892
10.8290,0.241766,-0.565620,1.187325,-24.4228
10.8440,0.244227,-0.568430,1.187036,-24.2676
10.8600,0.246670,-0.571129,1.187132,-24.2130
10.8750,0.249123,-0.573760,1.187751,-24.2557
10.9070,0.251641,-0.576353,1.188362,-24.2959
10.9220,0.254218,-0.578791,1.188861,-24.1640
10.9380,0.256913,-0.581100,1.189321,-23.9254
10.9690,0.259762,-0.583396,1.189736,-23.7691
10.9850,0.262035,-0.584532,1.190358,-23.5386
11.0000,0.265041,-0.586659,1.190602,-23.5205
11.0160,0.267743,-0.588104,1.191215,-23.5490
11.0470,0.270567,-0.589630,1.191816,-23.5880
11.0630,0.273419,-0.591095,1.192612,-23.3767
11.0790,0.276364,-0.592642,1.193594,-23.1540
11.1100,0.279300,-0.594089,1.194629,-22.9345
11.1250,0.282321,-0.595516,1.195516,-22.7706
11.1410,0.285465,-0.597028,1.196404,-22.6620
11.1570,0.288699,-0.598570,1.197304,-22.4680
11.1880,0.291924,-0.600032,1.198139,-22.3167
11.2040,0.295210,-0.601422,1.198812,-22.1299
11.2190,0.298588,-0.602892,1.199307,-21.9930
11.2500,0.301661,-0.604804,1.199943,-21.8924
11.2660,0.304923,-0.606179,1.200559,-21.8737
11.2820,0.308440,-0.607715,1.201030,-21.8574
11.2970,0.310198,-0.608740,1.201201,-21.9342
11.3290,0.313781,-0.610338,1.201319,-21.9769
11.3600,0.317473,-0.611888,1.201281,-21.8536
11.3750,0.321287,-0.613361,1.200904,-21.7718
11.3910,0.325091,-0.615089,1.200701,-21.8281
11.4070,0.328943,-0.617060,1.200565,-21.8848
11.4220,0.332924,-0.619051,1.200486,-22.0693
11.4540,0.336709,-0.620940,1.200418,-22.1400
11.4690,0.340584,-0.622971,1.200583,-22.5578
11.4850,0.344314,-0.624944,1.201336,-22.8130
11.5000,0.347906,-0.626878,1.202409,-22.8333
11.5160,0.352647,-0.629421,1.203599,-22.8043
11.5470,0.356756,-0.631163,1.204152,-22.8891
11.5630,0.360849,-0.633119,1.204398,-23.1037
11.5790,0.364731,-0.635045,1.204647,-23.2262
11.6100,0.368532,-0.636974,1.205237,-23.3816
11.6250,0.372107,-0.638801,1.206417,-23.5741
11.6410,0.375452,-0.640622,1.207458,-23.7512
11.6570,0.378828,-0.642451,1.208455,-23.8724
11.6880,0.382102,-0.644111,1.209307,-23.8007
11.7040,0.384998,-0.645520,1.210015,-23.6251
11.7350,0.388170,-0.647289,1.210741,-23.4773
11.7500,0.391178,-0.649122,1.211317,-23.0827
11.7660,0.393897,-0.650677,1.211649,-22.6531
11.7820,0.397002,-0.652525,1.212001,-22.6154
11.8130,0.400343,-0.654867,1.212268,-23.1339
11.8290,0.403543,-0.657236,1.212705,-23.5642
11.8440,0.406624,-0.659407,1.213212,-23.8562
11.8600,0.409728,-0.661499,1.213672,-23.9155
11.8910,0.412816,-0.663165,1.214032,-23.5900
11.9070,0.416249,-0.664788,1.214687,-23.4835
11.9220,0.419748,-0.666512,1.215316,-23.5531
11.9380,0.423203,-0.668425,1.216010,-23.6320
11.9690,0.426720,-0.670320,1.217174,-23.6826
11.9850,0.430349,-0.672287,1.218657,-23.9714
12.0000,0.434168,-0.675278,1.220527,-24.3397
12.0320,0.438197,-0.677054,1.221194,-24.1572
12.0470,0.442583,-0.678850,1.221478,-23.4835
12.0630,0.446696,-0.680790,1.221732,-23.1886
12.0790,0.450212,-0.683206,1.222366,-23.7771
12.1100,0.453489,-0.685711,1.223345,-24.5571
12.1250,0.457029,-0.688176,1.224284,-24.8780
12.1410,0.460652,-0.690894,1.225364,-24.8649
12.1720,0.464274,-0.693593,1.226142,-24.7919
12.1880,0.467829,-0.696363,1.226583,-24.7062
12.2040,0.471384,-0.699206,1.227104,-24.5300
12.2190,0.474814,-0.702250,1.228325,-24.4928
12.2500,0.478081,-0.705434,1.229832,-24.7853
12.2660,0.481241,-0.708638,1.231485,-25.2980
12.2820,0.484541,-0.711840,1.232892,-25.6104
12.2970,0.489078,-0.715728,1.234187,-25.5112
12.3290,0.492941,-0.718926,1.235147,-25.3909
12.3440,0.496345,-0.722306,1.235671,-25.4006
12.3750,0.499880,-0.725849,1.236491,-25.6880
12.3910,0.503491,-0.729425,1.237520,-25.8750
12.4070,0.507143,-0.733187,1.238589,-25.8103
12.4220,0.510612,-0.737216,1.239416,-25.9733
12.4540,0.514024,-0.741604,1.240275,-26.5171
12.4690,0.517113,-0.746087,1.240459,-27.1493
12.4850,0.520111,-0.751753,1.240381,-27.6653
12.5000,0.523545,-0.756137,1.240407,-27.9716
12.5160,0.527307,-0.760337,1.240327,-27.9030
12.5470,0.531223,-0.764590,1.239940,-27.4841
12.5630,0.535001,-0.769021,1.239185,-27.1746
12.5790,0.538499,-0.773528,1.238180,-27.2316
12.5940,0.541942,-0.777853,1.237116,-27.3063
12.6250,0.545606,-0.781974,1.236150,-26.9941
12.6410,0.547370,-0.784912,1.233534,-26.3405
12.6570,0.553526,-0.787365,1.233142,-25.3664
12.6880,0.557416,-0.791269,1.232176,-24.3790
12.7040,0.562575,-0.796520,1.231341,-23.4353
12.7190,0.566628,-0.800956,1.230965,-22.8957
12.7350,0.570538,-0.805208,1.231004,-22.4501
12.7660,0.573795,-0.809419,1.231503,-21.8649
12.7820,0.577379,-0.813427,1.231913,-21.5748
12.7970,0.580803,-0.817537,1.232463,-21.0291
12.8290,0.583977,-0.821838,1.232867,-20.1211
12.8440,0.587215,-0.826171,1.233086,-19.2558
12.8600,0.590014,-0.830545,1.233384,-18.3596
12.8910,0.592564,-0.834955,1.233938,-17.7687
12.9070,0.595004,-0.840053,1.234985,-17.5165
12.9220,0.597484,-0.844488,1.235888,-17.1960
12.9540,0.600235,-0.848867,1.235908,-16.6624
12.9690,0.602997,-0.853347,1.235526,-15.8405
12.9850,0.604278,-0.855695,1.235354,-15.3753
13.0160,0.606579,-0.860546,1.235108,-14.7249
13.0320,0.608562,-0.866084,1.235519,-14.5995
13.0470,0.610269,-0.871385,1.236196,-14.6347
13.0790,0.611948,-0.876325,1.236584,-14.4904
13.0940,0.613628,-0.881045,1.236877,-14.1873
13.1100,0.615224,-0.886028,1.237952,-13.7702
13.1250,0.616679,-0.890839,1.239080,-13.3327
13.1410,0.617942,-0.895631,1.240590,-13.2756
13.1720,0.619025,-0.900377,1.242271,-13.4681
13.1880,0.620144,-0.904908,1.243907,-13.5068
13.2040,0.621383,-0.909199,1.245364,-13.3207
13.2190,0.622632,-0.913344,1.246648,-13.0932
13.2500,0.623797,-0.917344,1.247814,-12.9754
13.2660,0.623870,-0.921036,1.249097,-13.0664
13.2820,0.624922,-0.924248,1.249841,-12.5140
13.2970,0.625991,-0.927140,1.251073,-12.1261
13.3290,0.627193,-0.929950,1.252586,-11.7081
13.3440,0.628339,-0.932484,1.253537,-11.1103
13.3600,0.629357,-0.935159,1.254829,-10.6173
13.3910,0.630399,-0.937835,1.255649,-10.2777
13.4070,0.631263,-0.940369,1.256058,-10.2015
13.4220,0.631276,-0.942797,1.256377,-10.6624
13.4380,0.631737,-0.945186,1.256635,-11.1020
13.4540,0.632367,-0.947277,1.256742,-11.2748
13.4850,0.633446,-0.949345,1.256475,-11.1449
13.5000,0.634625,-0.951406,1.256490,-10.8386
13.5320,0.635770,-0.953513,1.255864,-10.6279
13.5470,0.636722,-0.955651,1.255442,-10.7611
13.5630,0.636765,-0.958022,1.256342,-11.2330
13.5790,0.637574,-0.959524,1.257013,-11.3805
13.5940,0.638406,-0.960644,1.257188,-11.0341
13.6250,0.639630,-0.961925,1.257746,-10.6406
13.6410,0.641067,-0.962999,1.257550,-10.1044
13.6570,0.642458,-0.964110,1.257035,-9.6630
13.6880,0.643584,-0.965293,1.256524,-9.7866
13.7040,0.644392,-0.966660,1.255979,-10.5038
13.7190,0.644240,-0.968344,1.255200,-11.5477
13.7500,0.645320,-0.969043,1.254495,-11.9160
13.7660,0.646901,-0.969204,1.253820,-11.5469
13.7820,0.648632,-0.968976,1.253159,-11.0011
13.8130,0.650184,-0.968914,1.252441,-10.1044
13.8290,0.651662,-0.968943,1.252151,-9.3319
13.8440,0.652822,-0.969262,1.251903,-9.1508
13.8600,0.653748,-0.969698,1.251749,-9.0558
13.8910,0.654734,-0.970157,1.251653,-8.8122
13.9070,0.653999,-0.971336,1.253158,-9.2736
13.9220,0.654278,-0.972261,1.253029,-9.9233
13.9380,0.654993,-0.973570,1.252646,-10.0700
13.9690,0.656017,-0.974559,1.252332,-9.2892
13.9850,0.657233,-0.975241,1.252252,-8.1992
14.0000,0.658557,-0.975652,1.252134,-6.9653
14.0320,0.659779,-0.975979,1.252118,-6.2760
14.0470,0.659963,-0.976636,1.252345,-6.0033
14.0630,0.660660,-0.976562,1.252370,-5.7057
14.0790,0.661712,-0.977161,1.251748,-5.4912
14.1100,0.662723,-0.977584,1.251330,-5.2413
14.1250,0.663750,-0.978206,1.251247,-4.9015
14.1410,0.664762,-0.978937,1.251502,-4.3607
14.1720,0.665777,-0.979656,1.252060,-3.6691
14.1880,0.666673,-0.980707,1.253317,-2.8604
14.2040,0.665981,-0.982726,1.254360,-1.9413
14.2190,0.666678,-0.983228,1.255409,-0.8923
14.2500,0.667562,-0.984266,1.256227,-0.0115
14.2660,0.668231,-0.986092,1.257465,0.4004
14.2820,0.669371,-0.988108,1.259312,0.2081
14.2970,0.670657,-0.989979,1.260968,0.2895
14.3290,0.671475,-0.991652,1.262319,1.2819
14.3440,0.672392,-0.993695,1.262343,2.7439
14.3600,0.672351,-0.996494,1.263516,3.3338
14.3910,0.673463,-0.999319,1.264582,2.9101
14.4070,0.675357,-1.002471,1.264612,2.1624
14.4220,0.676863,-1.005245,1.264413,1.8327
14.4380,0.678091,-1.007934,1.264658,2.0393
14.4690,0.679136,-1.010692,1.265008,2.4861
14.4850,0.680234,-1.013674,1.265494,2.8250
14.5000,0.680315,-1.015819,1.266891,3.0405
14.5320,0.681316,-1.019083,1.267734,3.3613
14.5470,0.682316,-1.022438,1.268754,3.6942
14.5630,0.682523,-1.026646,1.269382,3.8972
14.5790,0.682962,-1.030416,1.270223,4.3713
14.6100,0.683622,-1.033851,1.271235,5.1019
14.6250,0.684762,-1.036607,1.272497,5.8852
14.6410,0.685744,-1.040468,1.273979,6.3898
14.6570,0.686234,-1.044908,1.275740,6.7816
14.6880,0.687505,-1.049111,1.277172,7.5050
14.7040,0.688604,-1.053060,1.278769,8.4504
14.7190,0.688753,-1.057860,1.280316,9.1895
14.7500,0.690105,-1.062004,1.281741,9.7152
14.7660,0.691071,-1.066669,1.283440,9.9963
14.7820,0.692934,-1.073969,1.287375,10.6213
14.7970,0.693620,-1.076158,1.288606,10.8888
14.8290,0.695071,-1.080497,1.290952,11.3719
14.8440,0.696622,-1.084801,1.293006,11.8328
14.8750,0.698211,-1.089110,1.294919,12.3247
14.8910,0.699850,-1.093452,1.296944,12.8147
14.9070,0.702350,-1.098466,1.297489,13.1702
14.9220,0.704212,-1.102735,1.299240,13.5570
14.9540,0.704986,-1.107731,1.300110,13.9838
14.9690,0.705849,-1.112418,1.301031,14.5218
14.9850,0.706740,-1.115058,1.302546,15.0273
15.0000,0.708273,-1.117792,1.304212,15.3962
15.0320,0.709857,-1.121340,1.306012,15.7933
15.0470,0.711512,-1.125269,1.307554,16.2316
15.0630,0.713266,-1.129145,1.308894,16.5894
15.0790,0.715119,-1.132950,1.309874,16.9002
15.1100,0.714929,-1.137537,1.310230,17.0817
15.1250,0.716054,-1.141600,1.310453,17.2577
15.1410,0.717681,-1.145484,1.309986,17.3913
15.1720,0.718610,-1.147901,1.310984,17.6713
15.1880,0.719431,-1.150931,1.311802,17.9644
15.2040,0.720426,-1.154191,1.312177,18.3119
15.2190,0.722058,-1.157690,1.312187,18.5515
15.2500,0.723219,-1.160916,1.311764,18.6436
15.2660,0.724874,-1.163877,1.311353,18.7843
15.2820,0.727663,-1.167939,1.311075,19.1302
15.2970,0.729894,-1.171564,1.310898,19.4243
15.3290,0.730668,-1.175679,1.311371,19.6952
15.3440,0.732570,-1.178806,1.311463,19.9964
15.3600,0.734655,-1.180357,1.311690,20.1413
15.3910,0.735588,-1.183564,1.312078,20.2017
15.4070,0.737542,-1.186171,1.312326,20.3901
15.4220,0.738309,-1.187970,1.312756,20.5988
15.4540,0.740864,-1.191049,1.312463,20.8088
15.4690,0.741920,-1.193803,1.313089,21.1214
15.4850,0.743611,-1.195925,1.313523,21.4643
15.5000,0.744815,-1.198374,1.313596,21.8530
15.5320,0.746641,-1.200208,1.313802,22.0769
15.5470,0.748396,-1.201677,1.313119,22.4996
15.5630,0.749860,-1.203679,1.313418,22.8163
15.5790,0.751412,-1.204900,1.313035,23.3157
15.6100,0.753518,-1.206271,1.312846,23.5167
15.6250,0.755890,-1.207451,1.312304,23.6552
15.6410,0.757613,-1.207726,1.311335,23.8720
15.6570,0.759845,-1.206348,1.310962,23.9232
15.6880,0.762528,-1.207109,1.310706,24.1698
15.7040,0.765014,-1.207565,1.310985,24.3470
15.7190,0.767399,-1.207829,1.311323,24.4637
15.7350,0.769751,-1.207893,1.311564,24.6272
15.7660,0.772079,-1.207785,1.311562,24.9013
15.7820,0.774516,-1.207616,1.311284,25.0966
15.7970,0.771845,-1.208742,1.312753,25.1038
15.8290,0.773873,-1.208119,1.312885,24.9795
15.8440,0.777029,-1.208338,1.313139,24.9899
15.8600,0.779143,-1.208242,1.313836,24.9415
15.8750,0.781031,-1.208189,1.314579,25.0512
15.9070,0.782786,-1.208099,1.315344,25.3010
15.9220,0.784661,-1.207945,1.316155,25.4610
15.9540,0.787725,-1.208064,1.317000,25.4459
15.9690,0.787746,-1.208700,1.318042,25.2454
15.9850,0.789542,-1.208248,1.319292,25.3920
16.0000,0.789782,-1.208278,1.321296,25.6412
16.0320,0.791157,-1.207741,1.323272,25.8892
16.0470,0.792675,-1.207738,1.324982,26.0492
16.0630,0.793072,-1.207847,1.326671,26.1027
16.0790,0.794313,-1.207729,1.328270,25.9944
16.1100,0.796286,-1.207585,1.328687,25.8685
16.1250,0.797950,-1.207230,1.329952,25.9847
16.1410,0.799815,-1.207497,1.330277,26.1517
16.1720,0.804386,-1.208297,1.330719,26.2392
16.1880,0.805326,-1.208602,1.331395,26.1654
16.2040,0.806707,-1.208400,1.332164,26.1856
16.2190,0.809168,-1.208647,1.331815,26.2427
16.2500,0.811383,-1.208383,1.331772,26.2215
16.2660,0.813291,-1.207670,1.331896,26.1181
16.2820,0.814306,-1.206496,1.332531,26.1368
16.2970,0.815903,-1.205438,1.332658,26.2792
16.3290,0.817428,-1.204313,1.332724,26.4466
16.3440,0.817983,-1.203263,1.333041,26.5901
16.3600,0.819605,-1.202149,1.333246,26.6407
16.3910,0.820744,-1.201407,1.334352,26.6290
16.4070,0.822175,-1.200550,1.335493,26.6675
16.4220,0.823805,-1.199421,1.336213,26.7554
16.4540,0.825378,-1.198216,1.336767,27.0121
16.4690,0.827072,-1.197033,1.337249,27.1833
16.4850,0.828874,-1.196095,1.336476,27.1519
16.5000,0.830907,-1.194984,1.336482,27.0406
16.5160,0.832515,-1.194321,1.337395,27.2799
16.5470,0.834356,-1.193355,1.337732,27.4909
16.5630,0.836255,-1.193050,1.338893,27.5980
16.5790,0.838381,-1.192581,1.339802,27.5231
16.6100,0.840611,-1.191923,1.339928,27.3372
16.6250,0.842588,-1.191853,1.341026,27.1686
16.6410,0.844815,-1.191188,1.341366,26.8664
16.6570,0.847121,-1.191207,1.341746,26.4292
16.6880,0.849421,-1.191035,1.342294,26.1273
16.7040,0.851241,-1.191242,1.344031,26.1005
16.7190,0.854329,-1.191393,1.344740,26.2088
16.7500,0.856812,-1.191522,1.344565,26.3039
16.7660,0.859238,-1.191559,1.344883,26.3254
16.7820,0.861920,-1.191933,1.344479,26.0482
16.8130,0.864606,-1.192198,1.344515,25.7209
16.8290,0.867334,-1.192482,1.344692,25.4161
16.8440,0.870037,-1.192755,1.345088,25.2765
16.8600,0.872623,-1.193239,1.347337,25.4548
16.8750,0.875109,-1.193444,1.347956,25.6702
16.9070,0.877526,-1.193649,1.348426,25.8883
16.9220,0.879946,-1.193902,1.348939,25.9932
16.9380,0.882377,-1.194213,1.349622,25.9920
16.9690,0.884755,-1.194593,1.350398,26.1193
16.9850,0.887071,-1.195087,1.351114,26.3244
17.0000,0.889420,-1.195675,1.351717,26.4891
17.0160,0.891844,-1.196384,1.352271,26.5691
17.0470,0.899133,-1.198375,1.350033,26.5153
17.0630,0.902244,-1.199147,1.350592,26.0384
17.0790,0.905411,-1.200211,1.351054,25.5141
17.1100,0.908603,-1.201206,1.351411,25.1584
17.1250,0.909147,-1.202709,1.350976,25.0629
17.1410,0.910978,-1.203745,1.351090,25.3304
17.1570,0.913003,-1.204708,1.351461,25.8564
17.1880,0.915010,-1.204786,1.352270,26.3625
17.2040,0.916951,-1.205748,1.352812,26.7811
17.2190,0.918960,-1.206529,1.353645,26.9747
17.2500,0.918493,-1.208349,1.354320,27.2855
17.2660,0.920067,-1.208544,1.354692,27.5278
17.2820,0.920728,-1.209320,1.355169,27.9171
17.2970,0.922458,-1.210141,1.355322,28.1922
17.3290,0.924305,-1.211277,1.355461,28.4511
17.3440,0.926224,-1.212354,1.355882,28.7253
17.3600,0.928328,-1.213290,1.355815,28.9397
17.3910,0.930553,-1.214305,1.355817,29.0876
17.4070,0.932893,-1.215172,1.355996,29.1873
17.4220,0.935387,-1.215817,1.355776,29.1848
17.4380,0.941945,-1.217700,1.356386,29.3333
17.4690,0.944726,-1.218668,1.356586,29.3798
17.4850,0.947879,-1.219430,1.356838,29.5793
17.5000,0.950380,-1.220125,1.357356,29.7971
17.5320,0.952489,-1.220951,1.357323,30.0390
17.5470,0.955021,-1.221263,1.357813,30.2308
17.5630,0.957547,-1.221620,1.358128,30.3552
17.5790,0.960074,-1.221981,1.358326,30.5031
17.6100,0.962599,-1.222197,1.358437,30.7118
17.6250,0.965194,-1.222371,1.358401,30.8986
17.6410,0.967893,-1.222459,1.358317,31.0438
17.6570,0.970690,-1.222527,1.358193,31.1651
17.6720,0.973560,-1.222605,1.358070,31.2376
17.7040,0.976469,-1.222702,1.358029,31.2874
17.7190,0.979326,-1.222784,1.358783,31.3046
17.7350,0.982317,-1.222695,1.359140,31.3366
17.7660,0.985407,-1.222605,1.359319,31.3566
17.7820,0.988508,-1.222412,1.359349,31.4720
17.7970,0.991644,-1.222166,1.359358,31.5809
17.8130,0.994936,-1.221849,1.359375,31.6428
17.8440,0.998367,-1.221508,1.359375,31.6125
17.8600,1.001889,-1.221076,1.359266,31.5836
17.8910,1.005406,-1.220589,1.359083,31.5391
17.9070,1.008937,-1.220073,1.358886,31.5765
17.9220,1.012534,-1.219500,1.358836,31.5663
17.9380,1.016015,-1.219211,1.359038,31.5307
17.9690,1.019621,-1.218659,1.359282,31.5471
17.9850,1.023220,-1.217979,1.359599,31.6522
18.0000,1.027075,-1.217225,1.359961,31.7246
18.0160,1.030924,-1.216392,1.360364,31.6857
18.0320,1.034814,-1.215466,1.360793,31.6040
18.0630,1.038710,-1.214469,1.361218,31.6027
18.0790,1.042642,-1.213377,1.361640,31.6611
18.1100,1.046648,-1.212172,1.362127,31.6997
18.1250,1.050747,-1.210939,1.362676,31.6976
18.1410,1.054911,-1.209681,1.363300,31.6036
18.1570,1.059061,-1.208484,1.364071,31.6133
18.1880,1.063029,-1.207313,1.365041,31.7132
18.2040,1.066880,-1.206120,1.366138,31.8294
18.2190,1.070800,-1.204985,1.367283,31.8266
18.2350,1.074695,-1.203778,1.368348,31.8250
18.2660,1.078488,-1.202537,1.369210,31.8997
18.2820,1.082312,-1.201300,1.370006,31.9384
18.2970,1.086231,-1.200053,1.370855,31.9822
18.3130,1.090247,-1.198840,1.371724,32.0947
18.3440,1.094532,-1.197685,1.372588,32.0562
18.3600,1.098887,-1.196552,1.373304,31.9527
18.3750,1.103139,-1.195390,1.373879,32.0348
18.4070,1.107203,-1.194175,1.374359,32.2446
18.4220,1.110978,-1.192932,1.374808,32.4212
18.4380,1.115114,-1.191725,1.375452,32.3574
18.4540,1.119345,-1.190516,1.376047,32.1583
18.4850,1.123417,-1.189302,1.376620,32.0837
18.5000,1.127294,-1.188080,1.377184,32.1616
18.5320,1.131025,-1.186884,1.377800,32.2927
18.5470,1.134943,-1.185691,1.378459,32.2642
18.5630,1.138870,-1.184423,1.379021,32.1404
18.5790,1.142752,-1.183102,1.379387,32.0666
18.6100,1.146650,-1.181747,1.379658,32.0919
18.6250,1.150427,-1.180412,1.379977,32.1119
18.6410,1.154269,-1.179078,1.380391,32.0435
18.6570,1.158112,-1.177724,1.380850,31.9613
18.6880,1.162009,-1.176354,1.381214,31.9085
18.7040,1.165846,-1.174927,1.381533,31.8310
18.7190,1.169422,-1.173415,1.381690,31.7816
18.7350,1.173035,-1.171936,1.381849,31.7623
18.7500,1.176331,-1.170420,1.382115,31.7706
18.7820,1.179448,-1.168880,1.382531,31.8689
18.7970,1.182350,-1.167287,1.382874,31.9856
18.8290,1.185359,-1.165692,1.383053,32.0396
18.8440,1.188303,-1.164037,1.383017,32.1935
18.8600,1.190968,-1.162352,1.382914,32.3621
18.8910,1.193333,-1.160636,1.382819,32.4480
18.9070,1.196004,-1.158985,1.382785,32.3643
18.9220,1.198497,-1.157368,1.382615,32.3373
18.9380,1.200847,-1.155738,1.382395,32.5305
18.9540,1.203898,-1.153988,1.382077,32.5600
18.9850,1.207326,-1.152516,1.381853,32.3588
19.0000,1.210070,-1.151080,1.381498,32.2573
19.0320,1.212520,-1.149807,1.381350,32.1661
19.0320,1.215060,-1.148728,1.381497,32.0796
19.0630,1.217451,-1.147780,1.381718,32.0560
19.0790,1.219730,-1.146946,1.381784,31.9693
19.0940,1.222430,-1.146252,1.381847,31.6895
19.1250,1.225286,-1.145668,1.381942,31.3691
19.1410,1.227479,-1.145073,1.381944,31.2515
19.1570,1.229553,-1.144552,1.382179,31.3406
19.1880,1.231659,-1.144167,1.382531,31.4496
19.2040,1.234002,-1.143858,1.382810,31.3895
19.2190,1.236309,-1.143497,1.382705,31.1328
19.2350,1.239003,-1.143148,1.382494,30.7970
19.2660,1.240999,-1.142674,1.382160,30.6730
19.2820,1.242932,-1.142199,1.382004,30.6385
19.2970,1.244767,-1.141739,1.381989,30.5790
19.3130,1.246377,-1.141239,1.381985,30.5984
19.3440,1.247628,-1.140599,1.381926,30.6246
19.3600,1.248898,-1.139935,1.381794,30.6270
19.3750,1.250285,-1.139180,1.381523,30.6581
19.4070,1.251773,-1.138424,1.381211,30.6941
19.4220,1.253208,-1.137673,1.380992,30.8247
19.4380,1.254734,-1.136936,1.380979,30.9838
19.4690,1.256273,-1.136232,1.380955,31.0517
19.4850,1.258097,-1.135633,1.380876,30.9789
19.5000,1.260005,-1.135099,1.380698,30.8594
19.5160,1.261991,-1.134562,1.380532,30.7889
19.5470,1.263776,-1.134001,1.380476,30.7234
19.5630,1.265647,-1.133461,1.380452,30.7144
19.5790,1.267390,-1.132877,1.380300,30.7412
19.5940,1.269227,-1.132303,1.380123,30.6743
19.6250,1.271047,-1.131708,1.379847,30.6185
19.6410,1.272809,-1.131064,1.379509,30.6290
19.6570,1.274391,-1.130397,1.379074,30.7212
19.6880,1.276268,-1.129759,1.378663,30.7721
19.7040,1.277800,-1.129113,1.378121,30.8612
19.7190,1.279634,-1.128483,1.377770,30.9996
19.7350,1.281286,-1.127701,1.377271,31.1179
19.7660,1.283461,-1.126899,1.376823,31.1317
19.7820,1.285753,-1.126012,1.376253,31.2010
19.7970,1.287619,-1.125044,1.375557,31.4234
19.8130,1.289594,-1.124089,1.375200,31.6990
19.8440,1.291437,-1.123114,1.374880,31.9686
19.8600,1.293536,-1.122151,1.374573,32.1326
19.8750,1.295790,-1.121105,1.374028,32.3726
19.8910,1.297887,-1.119931,1.373343,32.5829
19.9220,1.299932,-1.118652,1.372732,32.7281
19.9380,1.301876,-1.117351,1.372417,32.9250
19.9540,1.303409,-1.116008,1.372151,33.2829
19.9850,1.305055,-1.114694,1.371946,33.6704
20.0000,1.306696,-1.113337,1.371430,33.9175
20.0160,1.308731,-1.111943,1.370715,34.1203
20.0470,1.228443,-1.093955,1.342952,34.3563
20.0630,1.231327,-1.092563,1.342198,34.4559
20.0790,1.233973,-1.091078,1.341798,34.7293
20.0940,1.237057,-1.089928,1.342103,35.0696
20.1100,1.240593,-1.088935,1.342749,35.4073
20.1410,1.242829,-1.087539,1.342933,35.3900
20.1570,1.245320,-1.086216,1.342682,35.1476
20.1880,1.251927,-1.085927,1.343277,34.6502
20.2040,1.256424,-1.084925,1.343376,34.2656
20.2190,1.259778,-1.083783,1.343563,34.0225
20.2350,1.262894,-1.082766,1.343928,34.1873
20.2500,1.265932,-1.081646,1.344108,34.5465
20.2820,1.270856,-1.081299,1.344017,34.7478
20.2970,1.275398,-1.080612,1.343271,34.9953
20.3130,1.280228,-1.078916,1.343287,34.8637
20.3440,1.284183,-1.077959,1.343364,34.7906
20.3600,1.287772,-1.077072,1.343576,34.9072
20.3750,1.291012,-1.076149,1.343678,35.2521
20.3910,1.294229,-1.075265,1.343523,35.5194
20.4220,1.297563,-1.074483,1.343384,35.5729
20.4380,1.301058,-1.073641,1.342992,35.5945
20.4540,1.304569,-1.072898,1.342838,35.5889
20.4850,1.307837,-1.072035,1.342558,35.7436
20.5000,1.310550,-1.071802,1.342731,35.9135
20.5160,1.313791,-1.071322,1.342811,35.9718
20.5470,1.316967,-1.070486,1.342055,36.1527
20.5630,1.320027,-1.069817,1.341540,36.2304
20.5790,1.323378,-1.069299,1.341233,36.1269
20.5940,1.326860,-1.068708,1.340751,36.1248
20.6100,1.330381,-1.068213,1.340336,36.1095
20.6410,1.333920,-1.067772,1.340008,36.0607
20.6570,1.337290,-1.067631,1.340298,36.0937
20.6720,1.340898,-1.067256,1.340222,36.2644
20.7040,1.344744,-1.067018,1.340036,35.9758
20.7190,1.348804,-1.066696,1.339303,35.3451
20.7500,1.352624,-1.066463,1.338536,35.0276
20.7660,1.356006,-1.066274,1.337969,35.1976
20.7820,1.359107,-1.066033,1.337566,35.5935
20.7970,1.362218,-1.065791,1.336995,35.9745
20.8130,1.365404,-1.065449,1.336185,36.2749
20.8290,1.368378,-1.065541,1.335852,36.3929
20.8600,1.371559,-1.065432,1.335444,36.5198
20.8750,1.374758,-1.065329,1.335058,36.8377
20.8910,1.378411,-1.064947,1.334408,37.0995
20.9220,1.382167,-1.064543,1.333619,37.1887
20.9380,1.385946,-1.064198,1.332684,37.1090
20.9540,1.389583,-1.064019,1.331950,37.2278
20.9850,1.392963,-1.063955,1.331556,37.5831
21.0000,1.396345,-1.063944,1.331356,37.8908
21.0160,1.399846,-1.063964,1.331161,38.0283
21.0320,1.403113,-1.064030,1.330781,38.7239
21.0630,1.406569,-1.064018,1.330274,38.8515
21.0790,1.390616,-1.057142,1.323004,38.4847
21.0940,1.392687,-1.056502,1.322698,38.2406
21.1100,1.394597,-1.056150,1.322330,38.5070
21.1410,1.396617,-1.055721,1.322006,38.9083
21.1570,1.398856,-1.055045,1.321660,39.2342
21.1880,1.401030,-1.055478,1.319959,39.5749
21.1880,1.403365,-1.054570,1.318651,39.9622
21.2190,1.405374,-1.052631,1.318271,40.5242
21.2350,1.408560,-1.049868,1.319494,40.7875
21.2500,1.410844,-1.048467,1.320108,40.6154
21.2820,1.412651,-1.046800,1.319934,40.4952
21.3130,1.414955,-1.045827,1.319351,40.2291
21.3130,1.416710,-1.046126,1.317705,39.6334
21.3440,1.418676,-1.045526,1.316936,38.8019
21.3600,1.420636,-1.043968,1.316773,38.5600
21.3750,1.422743,-1.042076,1.316509,39.0995
21.3910,1.424721,-1.040113,1.316456,39.6945
21.4220,1.426529,-1.038354,1.315925,39.6315
21.4380,1.428148,-1.037120,1.315523,39.3219
21.4540,1.429722,-1.035447,1.315409,39.2479
21.4690,1.431326,-1.033757,1.315155,39.2231
21.5000,1.432986,-1.032141,1.314640,39.0994
21.5160,1.434606,-1.030865,1.314182,38.7681
21.5470,1.439849,-1.028767,1.316365,38.4841
21.5630,1.440694,-1.029054,1.316233,38.0023
21.5790,1.442358,-1.028253,1.316488,37.3457
21.6100,1.444747,-1.025440,1.317876,36.6357
21.6250,1.446197,-1.023327,1.318266,36.1344
21.6410,1.447799,-1.021115,1.318117,36.2316
21.6570,1.449546,-1.018502,1.317804,36.5275
21.6720,1.451173,-1.015951,1.317372,36.6348
21.6880,1.452564,-1.013784,1.317280,36.4460
21.7190,1.453924,-1.012012,1.317866,35.6690
21.7350,1.454897,-1.010728,1.318590,34.9476
21.7660,1.456285,-1.008285,1.317467,34.9209
21.7820,1.458125,-1.006659,1.316441,35.4703
21.7970,1.459774,-1.004021,1.315753,35.9977
21.8130,1.461445,-1.001911,1.315206,36.1843
21.8440,1.463080,-1.000180,1.315335,35.7529
21.8600,1.464667,-0.999194,1.315525,34.9642
21.8750,1.466247,-0.998363,1.315849,34.1429
21.9070,1.467842,-0.997264,1.316585,33.6063
21.9220,1.469582,-0.995844,1.316781,33.5134
21.9380,1.471375,-0.994402,1.317006,33.5469
21.9540,1.473158,-0.993231,1.317531,33.4996
21.9850,1.474985,-0.992322,1.318341,33.1982
22.0000,1.476845,-0.991654,1.319164,32.8228
22.0160,1.478802,-0.990938,1.319973,32.3800
22.0320,1.480932,-0.989944,1.320577,32.1828
22.0630,1.483293,-0.988593,1.320678,32.2640
22.0790,1.485903,-0.987007,1.320327,32.4120
22.1100,1.487510,-0.986228,1.320073,32.4353
22.1250,1.490294,-0.984956,1.319514,32.2839
22.1410,1.493103,-0.983890,1.318942,31.9043
22.1570,1.496062,-0.982794,1.318236,31.5249
22.1880,1.494045,-0.977127,1.315451,31.5796
22.2040,1.497014,-0.974359,1.315753,31.7942
22.2190,1.499637,-0.972298,1.315753,31.7480
22.2350,1.500918,-0.971374,1.315808,31.6046
22.2500,1.503111,-0.969634,1.315261,31.2582
22.2660,1.505186,-0.967632,1.314717,31.2625
22.2970,1.507254,-0.965418,1.314317,31.5594
22.3130,1.507063,-0.963483,1.314488,31.9260
22.3440,1.509943,-0.960320,1.313131,31.9653
22.3600,1.511762,-0.960028,1.311085,31.9659
22.3750,1.514580,-0.957590,1.310315,31.1929
22.4070,1.515429,-0.956858,1.309926,30.8083
22.4220,1.517003,-0.955296,1.310806,30.2669
22.4380,1.518818,-0.953679,1.310557,29.8770
22.4690,1.520762,-0.953240,1.309556,29.5825
22.4850,1.522964,-0.952019,1.308974,29.3554
22.5000,1.525274,-0.950657,1.308470,29.0865
22.5160,1.528845,-0.949705,1.309598,28.8451
22.5320,1.532138,-0.948435,1.310413,28.7610
22.5470,1.535252,-0.946911,1.310964,28.7880
22.5790,1.537946,-0.945479,1.310814,28.4753
22.5940,1.537989,-0.941134,1.310868,27.6546
22.6100,1.539963,-0.939913,1.310768,26.2783
22.6410,1.540913,-0.939503,1.310813,24.0933
22.6570,1.541886,-0.939344,1.310709,20.7749
22.6720,1.542676,-0.939220,1.310370,17.5612
22.6880,1.544370,-0.937984,1.310068,15.7414
22.7190,1.547262,-0.935267,1.309643,15.9163
22.7350,1.550078,-0.932185,1.309201,16.9667
22.7500,1.553091,-0.928884,1.308583,17.9312
22.7820,1.555358,-0.926572,1.308471,17.8273
22.7970,1.557505,-0.924473,1.308091,17.2760
22.8130,1.559579,-0.922285,1.307771,16.9924
22.8290,1.561886,-0.919699,1.307191,17.2263
22.8600,1.564451,-0.916793,1.306243,17.8879
22.8750,1.567076,-0.913845,1.305009,18.6025
22.8910,1.569578,-0.910961,1.303784,19.2044
22.9070,1.575622,-0.911594,1.301454,19.6042
22.9380,1.578126,-0.909505,1.300301,19.9780
22.9540,1.580439,-0.907556,1.299712,20.1071
22.9690,1.583294,-0.905815,1.298841,19.9873
23.0000,1.585758,-0.903848,1.297705,19.9699
23.0160,1.588531,-0.901966,1.296808,20.4061
23.0320,1.591060,-0.900210,1.295327,20.9609
23.0470,1.593491,-0.898536,1.293835,21.3685
23.0790,1.595774,-0.897105,1.292573,21.4724
23.0940,1.599482,-0.894956,1.291703,21.3903
23.1100,1.601785,-0.893746,1.290546,21.2304
23.1410,1.604935,-0.891945,1.289430,21.3841
23.1570,1.607705,-0.890214,1.288261,21.7714
23.1720,1.610259,-0.888521,1.287113,22.1367
23.1880,1.613195,-0.886507,1.286433,22.3699
23.2190,1.615793,-0.884853,1.285962,22.4902
23.2350,1.618298,-0.883510,1.285431,22.2606
23.2500,1.620840,-0.882389,1.284891,21.9257
23.2820,1.625679,-0.883275,1.282991,21.7007
23.2970,1.628800,-0.882130,1.281909,21.7822
23.3130,1.631960,-0.880676,1.281157,21.8922
23.3290,1.645766,-0.878939,1.278424,21.7273
23.3600,1.652065,-0.876966,1.277673,21.2333
23.3750,1.656465,-0.875254,1.276681,20.6594
23.4070,1.660900,-0.873761,1.275710,20.1818
23.4070,1.665410,-0.872290,1.274858,20.0251
23.4380,1.669943,-0.870486,1.274055,20.1068
23.4540,1.674471,-0.868769,1.273246,20.1865
23.4690,1.678937,-0.867242,1.272208,19.9937
23.5000,1.683332,-0.865976,1.271023,19.5469
23.5160,1.673560,-0.869399,1.273652,18.8624
23.5320,1.675278,-0.870286,1.273407,18.3297
23.5470,1.678191,-0.869641,1.272874,18.0854
23.5790,1.681182,-0.868600,1.272210,18.0369
23.5940,1.686435,-0.868880,1.272297,18.0103
23.6100,1.689662,-0.868517,1.271414,17.8776
23.6410,1.692560,-0.868122,1.270572,17.5673
23.6570,1.695244,-0.867558,1.269869,17.3601
23.6880,1.697498,-0.867403,1.269552,17.2500
23.6880,1.700289,-0.866468,1.269217,17.3597
23.7190,1.704917,-0.862192,1.269235,17.6558
23.7350,1.708057,-0.860651,1.268839,17.7168
23.7500,1.710977,-0.859627,1.268305,17.3770
23.7660,1.713675,-0.858720,1.267985,16.6904
23.7970,1.716372,-0.857818,1.267824,16.2775
23.8130,1.719118,-0.856525,1.267534,16.0759
23.8440,1.720980,-0.856109,1.266998,15.9381
23.8600,1.723474,-0.855466,1.266585,15.9358
23.8750,1.727189,-0.852482,1.265913,15.9254
23.8910,1.730283,-0.850773,1.265577,15.8148
23.9070,1.733297,-0.850397,1.264459,15.8622
23.9380,1.735354,-0.846285,1.263533,15.9080
23.9540,1.739107,-0.845401,1.262758,15.8862
23.9690,1.742436,-0.844370,1.262148,15.8496
24.0000,1.744160,-0.844935,1.262094,15.6498
24.0160,1.748606,-0.843782,1.261595,15.8631
24.0320,1.750818,-0.837856,1.260573,16.1383
24.0470,1.753447,-0.838771,1.260048,16.4053
24.0790,1.756662,-0.837358,1.259289,16.3006
24.0940,1.758133,-0.836881,1.259116,16.1651
24.1100,1.759000,-0.832599,1.258388,15.8813
24.1410,1.760753,-0.830715,1.259077,15.9197
24.1570,1.769096,-0.832188,1.258612,16.3243
24.1720,1.774541,-0.830725,1.257713,16.3278
24.1880,1.776335,-0.830373,1.257271,16.1644
24.2190,1.780126,-0.826547,1.255723,15.7971
24.2350,1.783619,-0.825200,1.254894,15.6468
24.2500,1.787141,-0.823759,1.254570,15.7423
24.2820,1.790650,-0.822407,1.254417,15.8289
24.2970,1.797998,-0.823005,1.255766,15.7854
24.3290,1.802271,-0.822780,1.255733,15.5679
24.3440,1.804913,-0.827354,1.254839,15.1823
24.3600,1.807882,-0.827950,1.254558,15.1956
24.3750,1.813706,-0.826702,1.255201,15.3339
24.3910,1.815286,-0.826221,1.255170,15.6272
24.4070,1.818552,-0.825712,1.255231,16.1687
24.4380,1.821855,-0.825444,1.255073,16.7025
24.4540,1.825251,-0.824959,1.255198,16.9645
24.4690,1.828397,-0.825140,1.255351,17.2032
24.5000,1.831729,-0.825446,1.256266,17.3922
24.5160,1.834401,-0.825143,1.258303,17.8403
24.5320,1.837380,-0.825202,1.259379,18.3809
24.5470,1.840423,-0.825578,1.260365,18.7911
24.5790,1.843076,-0.825953,1.260674,18.9651
24.5940,1.845653,-0.826418,1.261281,19.1909
24.6100,1.848296,-0.826893,1.262561,19.6382
24.6410,1.850905,-0.826823,1.265066,20.1502
24.6570,1.853478,-0.827165,1.266762,20.6051
24.6720,1.853002,-0.823999,1.265810,21.0284
24.6880,1.858299,-0.825162,1.266460,21.3063
24.7190,1.862779,-0.825336,1.266786,21.4222
24.7350,1.865839,-0.826332,1.267312,21.5792
24.7500,1.868976,-0.826411,1.267207,21.7717
24.7820,1.871979,-0.827214,1.267921,22.1325
24.7970,1.874999,-0.828016,1.268655,22.5556
24.8130,1.877980,-0.828953,1.269261,22.7747
24.8290,1.873432,-0.833172,1.270406,22.6413
24.8600,1.875310,-0.834140,1.270488,22.5720
24.8750,1.877481,-0.835584,1.270744,22.5682
24.9070,1.879474,-0.836689,1.271052,22.6683
24.9220,1.880845,-0.837921,1.271478,22.8838
24.9380,1.882606,-0.838347,1.272133,23.2480
24.9540,1.884321,-0.838875,1.272886,23.6265
24.9690,1.885926,-0.839116,1.273599,23.7824
25.0000,1.887464,-0.839467,1.274336,23.8153
25.0160,1.888997,-0.839797,1.275008,23.8469
25.0320,1.890544,-0.839879,1.275800,24.0439
25.0470,1.892227,-0.839837,1.276599,24.4965
25.0790,1.894061,-0.839665,1.277367,25.0320
25.0940,1.895780,-0.839431,1.278044,25.3679
25.1100,1.897470,-0.839233,1.278511,25.5336
25.1410,1.899255,-0.839137,1.278645,25.6911
25.1570,1.901159,-0.839015,1.278523,25.8302
25.1720,1.903027,-0.838714,1.278300,25.9822
25.1880,1.907737,-0.839644,1.280007,26.4024
25.2190,1.909045,-0.838984,1.279578,26.5296
25.2350,1.910248,-0.837872,1.279443,26.7360
25.2500,1.911306,-0.836519,1.279541,27.1502
25.2820,1.919836,-0.839639,1.283675,27.8652
25.2970,1.922358,-0.838303,1.284905,28.7444
25.3130,1.923754,-0.836655,1.285294,29.9119
25.3440,1.925341,-0.834819,1.285359,31.5267
25.3600,1.927328,-0.832899,1.285210,33.0594
25.3750,1.929064,-0.831246,1.285570,34.5223
25.3910,1.931003,-0.830088,1.285915,35.6324
25.4070,1.933109,-0.829050,1.285832,36.2254
25.4380,1.935027,-0.828485,1.285696,36.1284
25.4540,1.935609,-0.827255,1.284003,35.6820
25.4850,1.936031,-0.826720,1.283435,35.5960
25.5000,1.935693,-0.827178,1.283396,36.0717
25.5160,1.937045,-0.824017,1.282605,37.6473
25.5320,1.937531,-0.823250,1.281298,37.9964
25.5470,1.939817,-0.818704,1.278601,37.6742
25.5790,1.941041,-0.817631,1.276963,37.5351
25.5940,1.942576,-0.816448,1.276281,38.3460
25.6100,1.944203,-0.815095,1.275642,39.2240
25.6250,1.945813,-0.814100,1.275209,39.7381
25.6570,1.946650,-0.812660,1.275748,40.7831
25.6720,1.948509,-0.808812,1.275491,42.0906
25.6880,1.948977,-0.807857,1.275371,42.8387
25.7190,1.944165,-0.813877,1.275758,43.9083
25.7350,1.945838,-0.812984,1.275910,44.9090
25.7500,1.945421,-0.809013,1.274338,45.6259
25.7660,1.946231,-0.810275,1.273829,46.6282
25.7970,1.946629,-0.807348,1.272989,47.7243
25.8130,1.947442,-0.808478,1.273113,49.0325
25.8290,1.948223,-0.806623,1.273093,50.5201
25.8600,1.949538,-0.806166,1.273247,52.3521
25.8750,1.949269,-0.807179,1.274239,54.3479
25.8910,1.950406,-0.807441,1.273557,56.3578
25.9070,1.951428,-0.807589,1.273204,58.0325
25.9380,1.952536,-0.807402,1.273306,59.2323
25.9540,1.953787,-0.807152,1.273591,59.7752
25.9690,1.961461,-0.812140,1.277853,59.8528
26.0000,1.964345,-0.812786,1.278995,59.6051
26.0160,1.964424,-0.810515,1.279908,59.7159
26.0320,1.966612,-0.811045,1.281663,60.1947
26.0470,1.968933,-0.811521,1.283661,60.5652
26.0790,1.971453,-0.811968,1.285888,60.8483
26.0940,1.973521,-0.811740,1.286504,60.8212
26.1100,1.978926,-0.813231,1.289480,60.7638
26.1410,1.982388,-0.813949,1.291769,60.5787
26.1570,1.981074,-0.819684,1.292064,60.2268
26.1720,1.980629,-0.819672,1.292593,60.0954
26.1880,1.982981,-0.819668,1.293236,60.0646
26.2190,1.988453,-0.821643,1.294791,60.1146
26.2350,1.990564,-0.826489,1.296216,60.2130
26.2500,1.992740,-0.829031,1.298161,60.2130
26.2660,1.995923,-0.830769,1.299342,60.3510
26.2970,1.999137,-0.832552,1.300492,60.5970
26.3130,2.001859,-0.829764,1.299276,60.6898
26.3290,2.001496,-0.834116,1.301074,60.7557
26.3600,2.004669,-0.835533,1.302005,60.7637
26.3750,2.007866,-0.836989,1.302912,60.9077
26.3910,2.010540,-0.839432,1.304144,61.2395
26.4220,2.013583,-0.841487,1.305173,61.6264
26.4380,2.016913,-0.843465,1.306130,61.8762
26.4540,2.020285,-0.845824,1.306987,62.1272
26.4690,2.023936,-0.848239,1.307872,62.3590
26.4850,2.027752,-0.850530,1.308863,62.7080
26.5160,2.032574,-0.853342,1.310033,63.0531
26.5320,2.036871,-0.855734,1.311012,63.2942
26.5470,2.041346,-0.858232,1.311832,63.5513
26.5790,2.046833,-0.858259,1.312207,63.8066
26.5940,2.051614,-0.860838,1.313450,64.1512
26.6100,2.056541,-0.863422,1.314645,64.5179
26.6250,2.061652,-0.865988,1.315722,64.9020
26.6570,2.066986,-0.868638,1.317853,65.2036
26.6720,2.072578,-0.871189,1.319318,65.4775
26.6880,2.078361,-0.873698,1.320918,65.6734
26.7190,2.084246,-0.876180,1.322460,65.8419
26.7350,2.090091,-0.878638,1.323928,66.1789
26.7500,2.095822,-0.881058,1.325392,66.6982
26.7660,2.096310,-0.892472,1.325889,67.4783
26.7970,2.101699,-0.895621,1.327345,67.9246
26.8130,2.107420,-0.898820,1.328929,68.1828
26.8290,2.113258,-0.902023,1.330502,68.3270
26.8600,2.118996,-0.905194,1.331950,68.6073
26.8750,2.124660,-0.908307,1.333155,68.9947
26.8910,2.130129,-0.911335,1.334118,69.4621
26.9070,2.135633,-0.914349,1.335052,69.9824
26.9380,2.141222,-0.917392,1.335991,70.5044
26.9540,2.146788,-0.920424,1.336914,71.0806
26.9690,2.152282,-0.923424,1.337801,71.7179
26.9850,2.157732,-0.926378,1.338544,72.3318
27.0160,2.163098,-0.929349,1.338972,73.0344
27.0320,2.167947,-0.932243,1.339192,74.0369
27.0630,2.170881,-0.940372,1.338174,74.9606
27.0790,2.178362,-0.945470,1.338777,75.8932
27.0940,2.183777,-0.949108,1.339262,76.4195
27.1100,2.189223,-0.952539,1.339596,76.8623
27.1250,2.194666,-0.955847,1.339838,77.2611
27.1570,2.200082,-0.959153,1.340309,77.8358
27.1720,2.205699,-0.962552,1.341007,78.4631
27.1880,2.210978,-0.965781,1.341524,79.1708
27.2190,2.216013,-0.963179,1.343953,79.6467
27.2350,2.221133,-0.966334,1.344373,79.7136
27.2500,2.224267,-0.967356,1.344832,79.6678
27.2660,2.229178,-0.970618,1.345374,79.6867
27.2970,2.233775,-0.973654,1.346100,79.9279
27.3130,2.238354,-0.976502,1.346964,80.2969
27.3290,2.243007,-0.979380,1.348097,80.8662
27.3600,2.247468,-0.982647,1.349007,81.7743
27.3750,2.251744,-0.985716,1.349803,82.8078
27.3910,2.255305,-0.989711,1.350053,83.4698
27.4070,2.259273,-0.993035,1.350696,83.5781
27.4380,2.263910,-0.995660,1.351193,83.5794
27.4540,2.268228,-0.998662,1.351788,83.7800
27.4690,2.272337,-1.001703,1.352481,84.2197
27.4850,2.276673,-1.005198,1.353563,84.6564
27.5160,2.280722,-1.007957,1.354234,85.0894
27.5320,2.285128,-1.011551,1.355116,85.5292
27.5470,2.289243,-1.014952,1.355953,85.9484
27.5790,2.293288,-1.017481,1.356510,86.1440
27.5940,2.297374,-1.019849,1.357081,86.1536
27.6100,2.301252,-1.023452,1.358178,86.1788
27.6250,2.306655,-1.025572,1.358426,86.3011
27.6570,2.310376,-1.028354,1.358751,86.3869
27.6880,2.314825,-1.030877,1.359152,86.5006
27.6880,2.318851,-1.032263,1.359329,86.6002
27.7190,2.323510,-1.035156,1.358952,86.6051
27.7350,2.327968,-1.037912,1.359323,86.6403
27.7500,2.332500,-1.041538,1.360016,86.6629
27.7660,2.336395,-1.043694,1.360215,86.8082
27.7970,2.340178,-1.045850,1.360413,87.0666
27.8130,2.343823,-1.047965,1.360578,87.3880
27.8290,2.347303,-1.049951,1.360901,87.5919
27.8440,2.350838,-1.051770,1.360988,87.6592
27.8750,2.354339,-1.053495,1.361082,87.6706
27.8910,2.363486,-1.059576,1.366014,87.6848
27.9070,2.367633,-1.061634,1.366521,87.6362
27.9380,2.371249,-1.063562,1.366977,87.6753
27.9540,2.374851,-1.065518,1.367684,87.8485
27.9690,2.378317,-1.067437,1.368371,88.1250
27.9850,2.381652,-1.069310,1.369001,88.4560
28.0160,2.384938,-1.069037,1.367211,88.8406
28.0320,2.383851,-1.071982,1.366664,89.2446
28.0470,2.384509,-1.073772,1.368086,89.3881
28.0790,2.386557,-1.076238,1.368171,89.5166
28.0940,2.388756,-1.076291,1.368240,89.6704
28.1100,2.394750,-1.079591,1.370456,89.8016
28.1250,2.396857,-1.080530,1.371029,89.8936
28.1570,2.399361,-1.081239,1.371087,90.0419
28.1720,2.402471,-1.082846,1.371054,90.1911
28.1880,2.405081,-1.083388,1.371077,90.2114
28.2040,2.408104,-1.083843,1.370586,90.1377
28.2350,2.410797,-1.084233,1.370758,90.1309
28.2500,2.413597,-1.084538,1.370420,90.0861
28.2660,2.414435,-1.086498,1.371885,90.0448
28.2970,2.416261,-1.086782,1.371817,90.0403
28.3130,2.418522,-1.087307,1.372099,89.9940
28.3290,2.420705,-1.087617,1.372399,90.0314
28.3440,2.422842,-1.087851,1.372725,90.0233
28.3750,2.424762,-1.088851,1.372993,89.9877
28.3910,2.426807,-1.089304,1.373310,90.1361
28.4070,2.428906,-1.089639,1.373705,90.3251
28.4380,2.431043,-1.089685,1.374169,90.3889
28.4540,2.434071,-1.090247,1.374736,90.2709
28.4690,2.436455,-1.090028,1.374955,90.2421
28.4850,2.438831,-1.090024,1.375164,90.1819
28.5160,2.441257,-1.089773,1.375227,90.1794
28.5320,2.443736,-1.089527,1.375324,90.2055
28.5470,2.446220,-1.088978,1.375354,90.2394
28.5630,2.449099,-1.088216,1.374923,90.2040
28.5940,2.452876,-1.086546,1.375089,90.0344
28.6100,2.453519,-1.085952,1.374854,90.0822
28.6250,2.455880,-1.084607,1.374614,90.1095
28.6570,2.458608,-1.082908,1.374464,90.0405
28.6720,2.461164,-1.081115,1.374286,90.0618
28.6880,2.463725,-1.079135,1.374063,90.1919
28.7190,2.466403,-1.076907,1.373859,90.2343
28.7350,2.469191,-1.074409,1.373759,90.1081
28.7500,2.471973,-1.071759,1.373778,90.0213
28.7660,2.474729,-1.071344,1.374426,90.1641
28.7970,2.477685,-1.069130,1.375152,90.4648
28.8130,2.482602,-1.065382,1.376040,90.7762
28.8440,2.484119,-1.063975,1.376537,90.8098
28.8440,2.487674,-1.061119,1.377276,90.7754
28.8750,2.490675,-1.058326,1.379089,90.8246
28.8910,2.493169,-1.053599,1.379407,91.2954
28.9070,2.495735,-1.050760,1.380663,91.7628
28.9380,2.500645,-1.047862,1.382173,92.0453
28.9540,2.504557,-1.042663,1.382989,92.1930
28.9690,2.507815,-1.039124,1.384506,92.3123
28.9850,2.510743,-1.035561,1.386096,92.5218
29.0160,2.509712,-1.037388,1.388738,92.7168
29.0320,2.514141,-1.035519,1.391547,92.6610
29.0470,2.516407,-1.033756,1.393881,92.6411
29.0630,2.519160,-1.029613,1.396386,92.7509
29.0940,2.520878,-1.027562,1.398239,93.0098
29.1100,2.522319,-1.025593,1.400041,93.4205
29.1250,2.525644,-1.023902,1.401054,93.6654
29.1570,2.527346,-1.021962,1.402303,93.7574
29.1720,2.529368,-1.019539,1.403677,93.5926
29.1880,2.531315,-1.017142,1.404963,93.4228
29.2040,2.534616,-1.015332,1.404498,93.3149
29.2350,2.536437,-1.013206,1.405178,93.3323
29.2500,2.538570,-1.011277,1.405205,93.3605
29.2660,2.540487,-1.008451,1.405951,93.6170
29.2970,2.542132,-1.006364,1.406194,93.6719
29.3130,2.543752,-1.004204,1.406297,93.5987
29.3290,2.545279,-1.002037,1.406160,93.5312
29.3600,2.546686,-0.999908,1.405765,93.5803
29.3750,2.548437,-0.996696,1.406260,93.7822
29.3910,2.550009,-0.993926,1.406428,93.7922
29.4070,2.551602,-0.991056,1.406466,93.7760
29.4380,2.553309,-0.984190,1.408718,93.7883
29.4540,2.555926,-0.979823,1.408592,93.7344
29.4690,2.556730,-0.978206,1.408435,93.6960
29.4850,2.558740,-0.975302,1.406872,93.4386
29.5160,2.560212,-0.971762,1.406837,93.4048
29.5320,2.561498,-0.969468,1.405886,93.5622
29.5470,2.563864,-0.966043,1.403986,93.5602
29.5790,2.564610,-0.964265,1.402712,93.4365
29.5940,2.567094,-0.959186,1.402803,93.4311
29.6100,2.568708,-0.956011,1.402244,93.7003
29.6250,2.570235,-0.953733,1.402053,94.0729
29.6570,2.572430,-0.950863,1.401323,94.2897
29.6720,2.574019,-0.948044,1.401186,94.5018
29.6880,2.575648,-0.945342,1.401254,94.7501
29.7040,2.576781,-0.943822,1.401881,95.0390
29.7350,2.578477,-0.941335,1.402192,95.1865
29.7500,2.580230,-0.938907,1.402480,95.3117
29.7660,2.581946,-0.936930,1.402582,95.6225
29.7970,2.583845,-0.934888,1.402856,96.0093
29.8130,2.587168,-0.933638,1.403777,96.2491
29.8290,2.588786,-0.932460,1.403985,96.4947
29.8600,2.591265,-0.930096,1.404353,96.6179
29.8750,2.593325,-0.928282,1.404369,96.9129
29.8910,2.596303,-0.926729,1.404075,97.3224
29.9070,2.598567,-0.925016,1.403978,97.8016
29.9220,2.600922,-0.923225,1.403983,98.1788
29.9540,2.603359,-0.921384,1.404076,98.6130
29.9690,2.605919,-0.919456,1.404211,98.9865
29.9850,2.608603,-0.917366,1.404344,99.0394
30.0160,2.611310,-0.915244,1.404510,99.0367
30.0320,2.613955,-0.913301,1.404760,99.2233
30.0470,2.616515,-0.911619,1.405166,99.6867
30.0630,2.618905,-0.912748,1.407104,100.2773
30.0940,2.621867,-0.911796,1.408287,100.6952
30.1100,2.624832,-0.910466,1.409133,100.8682
30.1250,2.627774,-0.908988,1.409918,100.9342
30.1570,2.630687,-0.907606,1.410529,101.3089
30.1720,2.633785,-0.907182,1.410009,101.7788
30.1880,2.636811,-0.905712,1.410667,102.0134
30.2190,2.639692,-0.903399,1.412399,102.2433
30.2350,2.642278,-0.902181,1.412803,102.5600
30.2500,2.645637,-0.900945,1.413597,102.6843
30.2660,2.648593,-0.899638,1.414158,102.6281
30.2970,2.652480,-0.898236,1.414180,102.7052
30.3130,2.655427,-0.897012,1.414602,103.0304
30.3290,2.658781,-0.895612,1.414085,103.3688
30.3440,2.661818,-0.894159,1.413756,103.7078
30.3750,2.664695,-0.892622,1.413507,103.6867
30.4070,2.667406,-0.891112,1.413280,103.8381
30.4070,2.668701,-0.892843,1.412279,104.2250
30.4380,2.670834,-0.892430,1.411727,104.4388
30.4540,2.672138,-0.888662,1.414459,104.2961
30.4690,2.674269,-0.887166,1.414693,104.3984
30.4850,2.675947,-0.885715,1.414711,104.7611
30.5160,2.678287,-0.884714,1.413763,105.3423
30.5320,2.679993,-0.882700,1.414381,105.7525
30.5470,2.681284,-0.881206,1.414355,106.0449
30.5630,2.682477,-0.879695,1.414142,106.2741
30.5940,2.684740,-0.878074,1.413239,106.5081
30.6100,2.685780,-0.876541,1.412970,106.8746
30.6250,2.687397,-0.874686,1.411918,107.0546
30.6570,2.686186,-0.873581,1.413231,107.2568
30.6720,2.686450,-0.872258,1.413026,107.4721
30.6880,2.688974,-0.871364,1.412600,107.5814
30.7040,2.689506,-0.869873,1.412515,107.7399
30.7350,2.689976,-0.868296,1.412527,107.7862
30.7500,2.690354,-0.866607,1.412723,107.8098
30.7660,2.689665,-0.866142,1.412574,107.8804
30.7970,2.688919,-0.863694,1.413897,107.9547
30.8130,2.689486,-0.862033,1.414259,108.0698
30.8290,2.689057,-0.861311,1.414175,108.1810
30.8440,2.691001,-0.858876,1.414400,108.0785
30.8750,2.689288,-0.856601,1.415522,108.0722
30.8910,2.689118,-0.855610,1.415540,108.1038
30.9070,2.688513,-0.853532,1.415506,108.1691
30.9220,2.686528,-0.850143,1.414986,108.2436
30.9540,2.686078,-0.847680,1.414667,108.0995
30.9690,2.684649,-0.845122,1.414257,108.0210
30.9850,2.683257,-0.842538,1.413826,108.0718
31.0160,2.681699,-0.839856,1.413333,108.0463
31.0320,2.680811,-0.838436,1.413071,107.9515
31.0470,2.678958,-0.835510,1.412575,107.6574
31.0790,2.677130,-0.832562,1.412264,107.4201
31.0940,2.676433,-0.830364,1.411972,107.3344
31.1100,2.674198,-0.827722,1.411874,107.3149
31.1250,2.671077,-0.825270,1.412447,107.1540
31.1570,2.668648,-0.822521,1.412568,107.0849
31.1720,2.666079,-0.819669,1.412583,107.0428
31.2040,2.663464,-0.816619,1.412631,106.8359
31.2190,2.661190,-0.813403,1.412853,106.6226
31.2350,2.659403,-0.811397,1.413948,106.5186
31.2500,2.658305,-0.808201,1.413394,106.3354
31.2660,2.655704,-0.804950,1.413906,106.1103
31.2970,2.653076,-0.801780,1.414563,105.8554
31.3130,2.650335,-0.798783,1.415295,105.6671
31.3290,2.647460,-0.795937,1.415968,105.5750
31.3440,2.646539,-0.793366,1.415425,105.5383
31.3750,2.644123,-0.790624,1.415635,105.4674
31.3910,2.641593,-0.787903,1.416201,105.2137
31.4070,2.639011,-0.785186,1.416849,104.9022
31.4380,2.635656,-0.784935,1.417109,104.8661
31.4540,2.632788,-0.783103,1.417734,104.8814
31.4690,2.629979,-0.780820,1.418446,104.7695
31.4850,2.624690,-0.776573,1.423731,104.8073
31.5160,2.621994,-0.774437,1.425312,104.5673
31.5320,2.620725,-0.772133,1.425028,104.3019
31.5470,2.616620,-0.769980,1.426892,104.0589
31.5630,2.615290,-0.767678,1.426223,103.8070
31.5940,2.611378,-0.765572,1.428035,103.6473
31.6100,2.608690,-0.763378,1.428723,103.5365
31.6250,2.606296,-0.760350,1.427599,103.2625
31.6410,2.603158,-0.758074,1.428628,103.0376
31.6720,2.600718,-0.755701,1.429034,102.7444
31.6880,2.598935,-0.753005,1.428108,102.3799
31.7040,2.597343,-0.750594,1.427070,102.2089
31.7350,2.594368,-0.749590,1.426767,102.2306
31.7660,2.591739,-0.748178,1.426533,102.2855
31.7820,2.588555,-0.745143,1.428774,102.0877
31.7970,2.587132,-0.743454,1.427839,101.9542
31.8130,2.585453,-0.741477,1.427325,101.5694
31.8290,2.583152,-0.739677,1.427503,101.3552
31.8440,2.578391,-0.737812,1.430393,101.2494
31.8750,2.575909,-0.736240,1.430810,101.1736
31.8910,2.573497,-0.734660,1.431208,100.9635
31.9070,2.571141,-0.733063,1.431609,100.6678
31.9220,2.568811,-0.731523,1.431982,100.4179
31.9540,2.565691,-0.729468,1.430090,100.4644
31.9690,2.562990,-0.727777,1.429012,100.5189
31.9850,2.563936,-0.727033,1.430081,100.2541
32.0160,2.563211,-0.725430,1.428671,100.0171
32.0320,2.560308,-0.723515,1.429686,99.9516
32.0470,2.558507,-0.721555,1.429269,99.7531
32.0630,2.556803,-0.719731,1.429277,99.4371
32.0940,2.555051,-0.718059,1.429254,99.1972
32.1100,2.553356,-0.716522,1.429265,99.0161
32.1250,2.551666,-0.713934,1.427352,98.7828
32.1570,2.550197,-0.712492,1.427200,98.6639
32.1720,2.548934,-0.710736,1.425935,98.5212
32.1880,2.547604,-0.709197,1.425128,98.3327
32.2190,2.546253,-0.707744,1.424644,98.0955
32.2350,2.545087,-0.706329,1.424302,97.9792
32.2500,2.543549,-0.704903,1.424418,97.8223
32.2660,2.542149,-0.703494,1.424567,97.6177
32.2820,2.540720,-0.702139,1.424817,97.4365
32.3130,2.537174,-0.700075,1.428713,97.5198
32.3290,2.535367,-0.698608,1.429774,97.7545
32.3440,2.534993,-0.697555,1.429564,97.8486
32.3750,2.533757,-0.696275,1.430239,97.9040
32.3910,2.531740,-0.694458,1.431618,97.7029
32.4070,2.530628,-0.692712,1.432548,97.6569
32.4220,2.530399,-0.691280,1.432451,97.6225
32.4540,2.528349,-0.689860,1.433891,97.6788
32.4690,2.528240,-0.688710,1.433945,97.6142
32.4850,2.526495,-0.687231,1.435735,97.5760
32.5160,2.526060,-0.686567,1.436245,97.5747
32.5320,2.524640,-0.684291,1.436770,97.6894
32.5470,2.523780,-0.682773,1.437292,97.7030
32.5630,2.522908,-0.681215,1.437617,97.6745
32.5940,2.522440,-0.679411,1.436271,97.5060
32.6100,2.521645,-0.677817,1.435631,97.4245
32.6250,2.519665,-0.675291,1.438491,97.5553
32.6570,2.518940,-0.673573,1.439126,97.5625
32.6720,2.518490,-0.672374,1.438984,97.6568
32.6880,2.517949,-0.670470,1.439194,97.4934
32.7040,2.517556,-0.668553,1.439335,97.3732
32.7350,2.517273,-0.666711,1.439473,97.3797
32.7500,2.516890,-0.664017,1.439053,97.2889
32.7660,2.517079,-0.661708,1.439263,97.0468
32.7970,2.518216,-0.658260,1.438503,96.6000
32.8130,2.518041,-0.655977,1.439872,96.4886
32.8290,2.518427,-0.654865,1.440243,96.4392
32.8440,2.519572,-0.652190,1.439219,96.1675
32.8750,2.519668,-0.649686,1.440074,96.1447
32.8910,2.520894,-0.647324,1.439882,95.9462
32.9070,2.521886,-0.644000,1.439165,96.0400
32.9220,2.522044,-0.642992,1.439074,96.0904
32.9540,2.522156,-0.641052,1.438720,96.1783
32.9690,2.522056,-0.639205,1.438130,96.2688
32.9850,2.521825,-0.637349,1.437430,96.3367
33.0000,2.521570,-0.635359,1.436702,96.2926
33.0320,2.520436,-0.632838,1.437941,96.2586
33.0470,2.520101,-0.630559,1.437627,96.3166
33.0630,2.519821,-0.628171,1.437301,96.3906
33.0940,2.519584,-0.625627,1.437029,96.4156
33.1100,2.519250,-0.622909,1.436818,96.3721
33.1250,2.518910,-0.620125,1.436651,96.3475
33.1570,2.518613,-0.617309,1.436484,96.3701
33.1720,2.517179,-0.611437,1.434217,96.5343
33.1880,2.516813,-0.607694,1.433591,96.7539
33.2040,2.516630,-0.603837,1.433147,96.8291
33.2190,2.516655,-0.599909,1.432999,96.5650
33.2500,2.517442,-0.595593,1.432010,96.2115
33.2660,2.517784,-0.591672,1.431437,95.9512
33.2820,2.517616,-0.587792,1.431073,95.7944
33.3130,2.517250,-0.584018,1.430707,95.6574
33.3290,2.516574,-0.580337,1.430295,95.7344
33.3440,2.515790,-0.576711,1.429773,95.6836
33.3750,2.514958,-0.573057,1.429326,95.6349
33.3910,2.514138,-0.569347,1.428876,95.4470
33.4070,2.513172,-0.565579,1.428391,95.3441
33.4220,2.512155,-0.561810,1.427907,95.3810
33.4540,2.511091,-0.558020,1.427480,95.2744
33.4690,2.510031,-0.554250,1.427140,95.2018
33.4850,2.508918,-0.550520,1.427034,95.1072
33.5000,2.507816,-0.546805,1.426915,95.1506
33.5320,2.506793,-0.543084,1.426908,95.1716
33.5470,2.505924,-0.539236,1.426999,95.0876
33.5630,2.505228,-0.535240,1.427110,94.8933
33.5940,2.504588,-0.531215,1.427424,94.6398
33.6100,2.504020,-0.527255,1.427792,94.4631
33.6250,2.503430,-0.523391,1.428272,94.3415
33.6410,2.502852,-0.519686,1.428704,94.2643
33.6720,2.502966,-0.513793,1.429673,94.3184
33.6880,2.502213,-0.509985,1.430009,94.4516
33.7040,2.501397,-0.506165,1.430337,94.6102
33.7350,2.500584,-0.502232,1.430629,94.5283
33.7500,2.499791,-0.498259,1.430860,94.3958
33.7660,2.498858,-0.494587,1.431041,94.4912
33.7820,2.497952,-0.490770,1.431288,94.5306
33.8130,2.497048,-0.486952,1.431631,94.4881
33.8290,2.496119,-0.483205,1.432060,94.5726
33.8440,2.495202,-0.479431,1.432549,94.5750
33.8600,2.494316,-0.475670,1.433008,94.5946
33.8910,2.493406,-0.472081,1.433388,94.6518
33.9070,2.492598,-0.468330,1.433706,94.6004
33.9220,2.491831,-0.464485,1.433877,94.5891
33.9540,2.491077,-0.460650,1.434023,94.5431
33.9690,2.490357,-0.456850,1.434132,94.5910
33.9850,2.489645,-0.453038,1.434360,94.6452
34.0160,2.488923,-0.449165,1.434639,94.7046
34.0320,2.488130,-0.445294,1.434838,94.7385
34.0470,2.487333,-0.441321,1.434901,94.7397
34.0630,2.486481,-0.437293,1.434853,94.7834
34.0940,2.485592,-0.433213,1.434782,94.8101
34.1100,2.484690,-0.429072,1.434722,94.8989
34.1250,2.483763,-0.424928,1.434716,95.0506
34.1410,2.482833,-0.420834,1.434756,95.0409
34.1720,2.481800,-0.416685,1.434958,95.1398
34.1880,2.480595,-0.412573,1.435063,95.3041
34.2040,2.479272,-0.408518,1.435165,95.4124
34.2190,2.477846,-0.404603,1.435294,95.5960
34.2500,2.476419,-0.400644,1.435620,95.7925
34.2660,2.474977,-0.396732,1.436046,95.9961
34.2970,2.473707,-0.392948,1.436383,96.1148
34.3130,2.472526,-0.389254,1.436715,96.2255
34.3290,2.471277,-0.385575,1.437119,96.3542
34.3440,2.470084,-0.381926,1.437562,96.5279
34.3750,2.469151,-0.378402,1.437941,96.6160
34.3910,2.468294,-0.374890,1.438408,96.6499
34.4070,2.467474,-0.371388,1.438943,96.5874
34.4220,2.466648,-0.368020,1.439438,96.5344
34.4380,2.465791,-0.364888,1.439919,96.5834
34.4690,2.464931,-0.361950,1.440543,96.6902
34.4850,2.464101,-0.359101,1.441318,96.7967
34.5160,2.463285,-0.356258,1.442040,96.8728
34.5320,2.462457,-0.353357,1.442482,96.8829
34.5470,2.461641,-0.350384,1.442615,96.8283
34.5630,2.460865,-0.347350,1.442600,96.7501
34.5940,2.460145,-0.344241,1.442590,96.6545
34.6100,2.459492,-0.341055,1.442593,96.5284
34.6250,2.440907,-0.330184,1.444281,96.0639
34.6410,2.439532,-0.326564,1.444084,95.8002
34.6720,2.440366,-0.326629,1.444742,95.4960
34.6880,2.439090,-0.323129,1.444299,95.4176
34.7040,2.438315,-0.321666,1.444186,95.4543
34.7350,2.436075,-0.316787,1.444007,95.0187
34.7500,2.433663,-0.313313,1.443809,94.4170
34.7660,2.432819,-0.309345,1.443871,94.2074
34.7820,2.431141,-0.306033,1.443819,93.9004
34.8130,2.429680,-0.302181,1.443678,93.5822
34.8290,2.428394,-0.298617,1.443586,93.0696
34.8440,2.426875,-0.295248,1.443438,92.3957
34.8600,2.425023,-0.292135,1.443285,92.1226
34.8910,2.423409,-0.289199,1.443538,91.7808
34.9070,2.421610,-0.286481,1.443851,91.6082
34.9220,2.419844,-0.283837,1.444244,91.5267
34.9540,2.418148,-0.281206,1.444719,91.6051
34.9690,2.416326,-0.278451,1.445131,91.6780
34.9850,2.414641,-0.275381,1.445611,91.2542
35.0000,2.412768,-0.272081,1.445895,90.8214
35.0320,2.410755,-0.268770,1.446061,90.4513
35.0470,2.408545,-0.265703,1.446275,90.3878
35.0630,2.406353,-0.262582,1.446311,90.7550
35.0940,2.404100,-0.259564,1.446370,91.1130
35.1100,2.401908,-0.256403,1.446170,91.2771
35.1250,2.399843,-0.253134,1.445653,90.9018
35.1410,2.398212,-0.249685,1.444838,90.1432
35.1720,2.396510,-0.246153,1.444194,89.3502
35.1880,2.395081,-0.242020,1.443779,88.9089
35.2040,2.393363,-0.238357,1.443145,88.7535
35.2190,2.391642,-0.234890,1.442412,88.5574
35.2500,2.390085,-0.231428,1.441759,88.2142
35.2660,2.388767,-0.227995,1.441211,87.5170
35.2820,2.387583,-0.224549,1.440705,86.9526
35.3130,2.386443,-0.221177,1.440249,86.5869
35.3440,2.385361,-0.217846,1.439706,86.2740
35.3440,2.384329,-0.214496,1.439007,85.9524
35.3750,2.383324,-0.211187,1.438244,85.6647
35.3910,2.382370,-0.207934,1.437605,85.3982
35.4070,2.380765,-0.204374,1.436850,84.9885
35.4220,2.379988,-0.201069,1.436349,84.6165
35.4380,2.379376,-0.197760,1.435781,84.1474
35.4690,2.378637,-0.195491,1.435242,83.8536
35.4850,2.377706,-0.191982,1.434509,83.6063
35.5000,2.376787,-0.188516,1.433686,83.4242
35.5320,2.382673,-0.171658,1.436091,83.3716
35.5470,2.382596,-0.167197,1.435656,83.3954
35.5630,2.382367,-0.162805,1.435367,83.3877
35.5940,2.382267,-0.158808,1.435158,83.3976
35.6100,2.374586,-0.161239,1.432597,83.4437
35.6250,2.373360,-0.155629,1.432066,83.4946
35.6410,2.376896,-0.153993,1.433659,83.4893
35.6720,2.373755,-0.148911,1.432121,83.5477
35.6880,2.373382,-0.145190,1.431878,83.7263
35.7040,2.372842,-0.141514,1.431501,84.0322
35.7350,2.371782,-0.136192,1.431266,84.3917
35.7500,2.376937,-0.134132,1.432398,84.5571
35.7660,2.378492,-0.128038,1.433042,84.6992
35.7970,2.379002,-0.124052,1.433699,84.9682
35.8130,2.379570,-0.118165,1.433190,85.5850
35.8290,2.374047,-0.118961,1.430836,86.0792
35.8440,2.374234,-0.114875,1.430392,86.2237
35.8600,2.376241,-0.108739,1.430775,86.2358
35.8910,2.376355,-0.104662,1.430879,86.4246
35.9070,2.377460,-0.101260,1.431764,86.8628
35.9220,2.375069,-0.099614,1.430922,87.5489
35.9540,2.375009,-0.095859,1.430712,87.8810
35.9690,2.375134,-0.090128,1.430184,88.0038
36.0000,2.375026,-0.085139,1.429620,88.2366
36.0160,2.374720,-0.080520,1.428849,88.7265
36.0320,2.374254,-0.076393,1.428070,89.3103
36.0470,2.373889,-0.072435,1.427268,89.7990
36.0630,2.374023,-0.067485,1.426399,90.2488
36.0940,2.368690,-0.059405,1.425785,90.4116
36.1100,2.373587,-0.057457,1.424760,90.2368
36.1250,2.373824,-0.054910,1.424641,90.2200
36.1410,2.374193,-0.050097,1.424407,90.3856
36.1720,2.373734,-0.047148,1.424307,90.7769
36.1880,2.373045,-0.041246,1.423878,91.1776
36.2040,2.372286,-0.037642,1.423453,91.4662
36.2190,2.373144,-0.034445,1.423838,91.4418
36.2500,2.372631,-0.030604,1.423213,91.3056
36.2660,2.372227,-0.026757,1.422822,91.3047
36.2970,2.367432,-0.027448,1.420225,91.7578
36.3130,2.366459,-0.024011,1.419275,92.1134
36.3440,2.365649,-0.020170,1.418324,92.1533
36.3440,2.364921,-0.016001,1.417310,91.9331
36.3600,2.365493,-0.012892,1.416367,91.5628
36.3910,2.364553,-0.008870,1.415388,91.4124
36.4070,2.363286,-0.004778,1.415158,91.5958
36.4380,2.361789,-0.000723,1.414714,91.9641
36.4540,2.360582,0.003200,1.414414,92.1877
36.4690,2.359508,0.007365,1.413753,92.0991
36.4850,2.358073,0.013188,1.412700,92.2151
36.5000,2.356745,0.018315,1.411744,92.3171
36.5320,2.354897,0.022439,1.411071,92.2517
36.5470,2.353537,0.027457,1.410550,92.2951
36.5630,2.352131,0.032148,1.410288,92.3134
36.5790,2.350746,0.036231,1.410062,92.3934
36.6100,2.349477,0.040145,1.409946,92.5635
36.6250,2.348972,0.042067,1.409838,92.5785
36.6410,2.351229,0.047008,1.411269,91.7409
36.6720,2.350606,0.051025,1.411486,91.3568
36.6880,2.349969,0.054876,1.411684,91.2736
36.7040,2.349403,0.058621,1.411982,91.2688
36.7350,2.348572,0.065591,1.411551,90.8768
36.7500,2.345611,0.068420,1.410712,90.3576
36.7660,2.345432,0.072448,1.410431,89.6213
36.7820,2.345199,0.076295,1.410329,89.0432
36.8130,2.348897,0.075305,1.412932,88.8000
36.8290,2.348013,0.078281,1.412881,88.8894
36.8440,2.346934,0.081141,1.412624,89.0983
36.8600,2.345867,0.083947,1.412304,89.2704
36.8910,2.343904,0.086583,1.411664,89.5822
36.9070,2.343227,0.089632,1.411000,89.6509
36.9220,2.345144,0.090459,1.411515,89.4547
36.9540,2.344776,0.091896,1.411187,89.2931
36.9690,2.343833,0.094830,1.410452,89.1148
37.0000,2.342463,0.100202,1.409463,89.3008
37.0160,2.340919,0.104228,1.408281,89.6572
37.0320,2.339000,0.106782,1.406545,89.8813
37.0470,2.338276,0.109863,1.405198,89.8241
37.0630,2.337438,0.113038,1.404035,89.5336
37.0940,2.337765,0.116298,1.402881,89.1274
37.1100,2.341721,0.113353,1.404703,88.7603
37.1250,2.341510,0.115306,1.403849,88.5266
37.1410,2.341657,0.117338,1.403312,88.3750
37.1720,2.342663,0.119380,1.402730,88.0249
37.1880,2.342928,0.121220,1.402224,87.6600
37.2040,2.343016,0.123086,1.401759,87.3490
37.2190,2.345302,0.128533,1.401271,87.2967
37.2500,2.345182,0.133029,1.400189,86.9929
37.2660,2.345776,0.135191,1.399591,86.3040
37.2820,2.345441,0.136554,1.397910,85.5726
37.2970,2.345700,0.138293,1.397448,85.3050
37.3290,2.346005,0.139895,1.397052,85.1589
37.3440,2.347051,0.141419,1.396293,85.1562
37.3750,2.347831,0.142884,1.395865,85.1025
37.3910,2.348682,0.144304,1.395631,85.0314
37.4070,2.349282,0.145760,1.395569,85.1750
37.4220,2.349486,0.147150,1.395492,85.5644
37.4380,2.349607,0.148552,1.395308,85.9481
37.4690,2.352716,0.145000,1.397871,86.1976
37.4850,2.353948,0.146380,1.397557,86.5370
37.5000,2.354419,0.147972,1.397357,86.7739
37.5320,2.354894,0.148751,1.397193,87.2669
37.5470,2.354240,0.150231,1.397138,87.6147
37.5630,2.355516,0.151259,1.396993,87.7672
37.5790,2.356154,0.151724,1.396928,88.0235
37.6100,2.356506,0.152079,1.397013,88.3849
37.6250,2.356874,0.152382,1.397113,88.8415
37.6410,2.357272,0.152734,1.397387,89.5102
37.6720,2.357497,0.153052,1.397956,89.7332
37.6880,2.356228,0.158682,1.396989,88.8092
37.7040,2.357149,0.159003,1.397273,87.8328
37.7350,2.358626,0.157854,1.397962,87.1999
37.7500,2.359108,0.159814,1.397055,87.1936
37.7660,2.360052,0.160068,1.396656,87.1863
37.7820,2.361778,0.162314,1.396361,86.9742
37.7970,2.363212,0.164065,1.395217,86.7846
37.8290,2.364244,0.165288,1.395162,86.5473
37.8440,2.365522,0.166977,1.394105,86.8285
37.8600,2.365838,0.168684,1.393468,87.6133
37.8910,2.365768,0.168838,1.391838,88.3200
37.9070,2.366680,0.169383,1.391845,88.3375
37.9220,2.368166,0.169497,1.391300,88.0262
37.9380,2.369409,0.169353,1.390306,87.7974
37.9690,2.370896,0.168700,1.390556,87.1427
37.9850,2.372302,0.168111,1.390707,86.4719
38.0000,2.374695,0.169364,1.390683,86.2618
38.0320,2.375744,0.169284,1.391490,86.2977
38.0470,2.375761,0.169237,1.390251,86.6139
38.0630,2.377137,0.168913,1.390055,86.7595
38.0940,2.378181,0.169561,1.390329,86.6890
38.1100,2.379586,0.170330,1.389681,86.6694
38.1250,2.381233,0.173123,1.389883,86.8577
38.1410,2.381388,0.173089,1.389538,87.0305
38.1570,2.382342,0.173511,1.389611,87.0966
38.1880,2.383004,0.175817,1.388866,87.1121
38.2040,2.383986,0.177659,1.388284,86.9929
38.2350,2.385112,0.178476,1.387724,86.6506
38.2500,2.388850,0.178906,1.388372,86.3106
38.2660,2.388489,0.178690,1.387270,86.0209
38.2820,2.389286,0.180468,1.386299,85.9532
38.3130,2.389069,0.181920,1.385297,86.0357
38.3290,2.390365,0.180105,1.386117,85.9729
38.3440,2.390919,0.180281,1.386425,85.9931
38.3600,2.391293,0.180999,1.386179,86.1330
38.3910,2.392728,0.184128,1.385545,86.3467
38.4070,2.391387,0.186467,1.384469,86.8578
38.4220,2.390974,0.189528,1.383918,87.4261
38.4380,2.392638,0.189767,1.385415,87.8827
38.4690,2.392024,0.191293,1.385300,88.3532
38.4850,2.391965,0.194584,1.385332,88.9258
38.5000,2.391673,0.196313,1.385754,89.4026
38.5160,2.391812,0.197924,1.386125,89.7943
38.5470,2.391816,0.199591,1.386470,90.0660
38.5630,2.391945,0.202480,1.386622,90.4644
38.5940,2.391991,0.204443,1.386954,91.0163
38.6100,2.395056,0.202863,1.389414,91.5466
38.6250,2.395221,0.203848,1.389421,91.9798
38.6410,2.396135,0.205663,1.389498,92.0990
38.6720,2.397964,0.209522,1.389273,92.3657
38.6880,2.398680,0.211675,1.389498,92.8305
38.7190,2.399547,0.213485,1.390562,93.3494
38.7350,2.400405,0.215504,1.391472,93.7491
38.7500,2.401511,0.217707,1.392000,93.7084
38.7660,2.402813,0.220237,1.391964,93.6679
38.7820,2.404062,0.222852,1.391894,93.9322
38.8130,2.405185,0.225340,1.391932,94.2109
38.8290,2.406242,0.227631,1.392341,94.3178
38.8440,2.407255,0.229886,1.393075,94.3815
38.8600,2.407548,0.230435,1.391209,94.5331
38.8910,2.408685,0.232485,1.391168,94.7629
38.9070,2.409698,0.234701,1.391557,95.0206
38.9220,2.410617,0.236996,1.391951,95.3093
38.9380,2.412249,0.240164,1.392736,95.5121
38.9690,2.413342,0.242736,1.393171,95.6404
38.9850,2.414694,0.245222,1.393469,95.8291
39.0000,2.415997,0.248114,1.394177,96.0078
39.0320,2.417210,0.251481,1.394638,96.4865
39.0470,2.418310,0.255162,1.394765,97.0776
39.0630,2.419785,0.259638,1.395402,97.7336
39.0940,2.421749,0.263586,1.396637,98.3382
39.1100,2.423224,0.267420,1.397711,99.0051
39.1250,2.424736,0.270858,1.399939,99.6903
39.1410,2.425817,0.275128,1.401206,100.5258
39.1720,2.427013,0.279567,1.401870,101.2340
39.1880,2.428341,0.283797,1.402807,101.7589
39.2040,2.430045,0.287802,1.403996,102.0254
39.2190,2.430835,0.290974,1.404331,102.4493
39.2500,2.431873,0.296701,1.404889,103.2751
39.2660,2.431176,0.301142,1.403634,104.0698
39.2820,2.431886,0.305491,1.402889,104.5927
39.3130,2.433134,0.310541,1.402524,104.9181
39.3290,2.435395,0.313243,1.403283,105.2977
39.3440,2.435963,0.317294,1.402869,105.7874
39.3750,2.436844,0.321526,1.402721,106.3765
39.3910,2.439742,0.325358,1.404183,106.9793
39.4070,2.440889,0.329102,1.404848,107.5016
39.4220,2.442570,0.333685,1.404305,107.7276
39.4540,2.443944,0.337618,1.403903,107.8874
39.4690,2.445053,0.341645,1.403188,108.2140
39.4850,2.446023,0.345412,1.402665,108.6509
39.5000,2.447053,0.348904,1.402332,108.9347
39.5160,2.448252,0.352203,1.401950,109.0011
39.5470,2.449034,0.354943,1.399390,109.0789
39.5630,2.452219,0.356781,1.399933,109.2722
39.5790,2.453484,0.359758,1.399423,109.4174
39.6100,2.454737,0.362674,1.399080,109.4988
39.6250,2.453779,0.362442,1.397164,109.6130
39.6410,2.454735,0.366389,1.395960,109.8769
39.6720,2.455637,0.369059,1.395572,110.0532
39.6880,2.456444,0.371794,1.395252,110.2055
39.7040,2.457331,0.372884,1.395755,110.4388
39.7190,2.457520,0.375976,1.395483,110.9678
39.7500,2.457506,0.379360,1.395359,111.5819
39.7660,2.457506,0.382968,1.394903,112.1275
39.7820,2.457445,0.386705,1.394582,112.5508
39.8130,2.457138,0.392576,1.393767,113.0046
39.8290,2.457100,0.394805,1.394179,113.2732
39.8440,2.458450,0.400152,1.394579,113.5394
39.8600,2.458712,0.404358,1.394491,113.7031
39.8750,2.458944,0.408910,1.394422,113.7842
39.9070,2.458864,0.413827,1.394595,113.9385
39.9220,2.459332,0.418319,1.395455,114.3857
39.9380,2.458539,0.423709,1.396354,114.9709
39.9690,2.457887,0.429198,1.397276,115.6509
39.9850,2.456924,0.434919,1.397981,116.3548
40.0160,2.455913,0.440724,1.398642,116.9939
40.0320,2.454803,0.446453,1.399501,117.5281
40.0470,2.454007,0.451982,1.400567,117.9923
40.0630,2.453005,0.457693,1.401452,118.4021
40.0790,2.451937,0.463396,1.402041,118.8315
40.1100,2.450759,0.469038,1.402570,119.1832
40.1250,2.449404,0.474643,1.403404,119.5058
40.1410,2.447836,0.480284,1.404495,119.9710
40.1570,2.446978,0.483133,1.405016,120.2380
40.1880,2.446147,0.487584,1.405704,120.8445
40.2040,2.444501,0.493225,1.406553,121.4682
40.2190,2.442714,0.498612,1.407648,122.1945
40.2500,2.438490,0.500738,1.406628,122.7841
40.2660,2.435965,0.507595,1.407706,123.3974
40.2820,2.434232,0.511983,1.407989,123.8776
40.3130,2.432512,0.516155,1.408320,124.4436
40.3290,2.430928,0.520165,1.408576,124.9498
40.3600,2.428784,0.523359,1.406905,125.2114
40.3600,2.427198,0.527151,1.406580,125.5456
40.3910,2.425505,0.530620,1.406359,125.9751
40.4070,2.423557,0.533271,1.405318,126.3465
40.4220,2.421960,0.535964,1.405049,126.5467
40.4380,2.420588,0.538882,1.404943,126.7033
40.4690,2.419824,0.540208,1.407837,126.9117
40.4850,2.418661,0.542621,1.408229,127.1283
40.5000,2.417489,0.545009,1.408659,127.3276
40.5320,2.416930,0.545757,1.408714,127.4423
40.5470,2.415833,0.548025,1.409462,127.6683
40.5630,2.414708,0.550518,1.409756,127.9691
40.5940,2.413539,0.552821,1.409061,128.2507
40.6100,2.412634,0.555320,1.408758,128.4650
40.6250,2.411528,0.557478,1.407285,128.2738
40.6410,2.411013,0.559543,1.406816,128.0037
40.6720,2.410666,0.561592,1.406234,127.6461
40.6880,2.410288,0.563809,1.405415,127.2387
40.7040,2.409768,0.566114,1.404504,126.8464
40.7350,2.410133,0.567393,1.404018,126.4939
40.7500,2.409345,0.569355,1.404224,126.1984
40.7660,2.408184,0.571419,1.405161,126.2215
40.7820,2.406613,0.573717,1.406535,126.6744
40.8130,2.404904,0.576202,1.407926,127.2597
40.8290,2.404261,0.577550,1.409631,127.5931
40.8440,2.403708,0.579300,1.410780,127.6001
40.8600,2.403591,0.580667,1.411973,127.2855
40.8910,2.403750,0.581652,1.413147,126.8108
40.9070,2.403963,0.582393,1.414388,126.4512
40.9220,2.404132,0.583086,1.415701,126.3031
40.9380,2.404261,0.583771,1.417020,126.3386
40.9690,2.404563,0.584571,1.418227,126.4500
40.9850,2.405187,0.585591,1.419145,126.5480
41.0000,2.406064,0.586975,1.419743,126.5177
41.0320,2.407187,0.588884,1.420226,126.4359
41.0470,2.408267,0.591009,1.420669,126.4834
41.0630,2.409549,0.593493,1.421168,126.5837
41.0940,2.410857,0.595914,1.421478,126.6999
41.1100,2.412293,0.598362,1.421603,126.7723
41.1250,2.413801,0.600802,1.421748,126.9072
41.1410,2.415180,0.603130,1.422032,127.1730
41.1720,2.416557,0.605634,1.422322,127.5965
41.1880,2.417374,0.608832,1.422463,128.9608
41.2040,2.418020,0.612642,1.422539,130.0296
41.2190,2.419044,0.616658,1.422744,130.3596
41.2500,2.420291,0.620760,1.423315,130.0967
41.2660,2.421578,0.624796,1.424068,129.7967
41.2820,2.422389,0.628362,1.424588,129.9393
41.3130,2.423013,0.631967,1.425115,130.1909
41.3290,2.423631,0.635788,1.425936,130.3100
41.3440,2.423950,0.639462,1.426843,130.4496
41.3600,2.423943,0.642903,1.427640,130.7843
41.3910,2.424126,0.646679,1.428556,131.0964
41.4070,2.424356,0.650376,1.429540,131.2226
41.4220,2.424555,0.653889,1.430718,131.4486
41.4380,2.424650,0.657309,1.431901,131.7801
41.4690,2.424796,0.660796,1.432726,131.9539
41.4850,2.425010,0.664283,1.433150,132.0919
41.5000,2.425207,0.667703,1.433530,132.3319
41.5160,2.425169,0.671025,1.434105,132.9426
41.5470,2.424760,0.674453,1.434766,133.8346
41.5630,2.422236,0.675711,1.434693,134.6461
41.5790,2.421548,0.679185,1.435011,135.0835
41.6100,2.407007,0.670380,1.425580,135.6327
41.6250,2.405144,0.673418,1.424918,135.9226
41.6410,2.403717,0.676163,1.424754,136.1042
41.6720,2.402736,0.678554,1.425099,136.0768
41.6880,2.401788,0.680830,1.425238,135.9100
41.7040,2.400822,0.682785,1.425378,135.7972
41.7190,2.399728,0.684748,1.425374,135.7178
41.7500,2.398866,0.686152,1.425528,135.6946
41.7660,2.397842,0.687583,1.425429,135.9238
41.7820,2.396614,0.688974,1.425201,136.2358
41.7970,2.395355,0.690290,1.425056,136.4919
41.8290,2.394166,0.691503,1.424945,136.6178
41.8440,2.393149,0.692703,1.424796,136.6066
41.8600,2.392256,0.693815,1.424835,136.7783
41.8910,2.391166,0.695063,1.424882,137.1306
41.9070,2.390101,0.696244,1.424834,137.4145
41.9220,2.389075,0.697406,1.424870,137.7216
41.9380,2.387864,0.698442,1.425062,138.1325
41.9690,2.386482,0.699391,1.425192,138.5649
41.9850,2.385158,0.700455,1.425303,139.0104
42.0000,2.383622,0.701454,1.425556,139.4786
42.0320,2.381988,0.702426,1.425958,139.8895
42.0470,2.379820,0.702953,1.426136,140.3920
42.0630,2.377484,0.703387,1.426304,140.8502
42.0790,2.375108,0.703847,1.426508,140.9805
42.1100,2.372703,0.704337,1.426729,140.8798
42.1250,2.370161,0.704802,1.426888,140.7416
42.1410,2.367443,0.705287,1.426939,140.5993
42.1720,2.364587,0.705797,1.426934,140.4490
42.1880,2.361650,0.706287,1.427068,140.3697
42.2040,2.358587,0.706819,1.427529,140.4364
42.2190,2.355385,0.707379,1.428186,141.0069
42.2500,2.353619,0.707632,1.430958,141.9871
42.2660,2.350909,0.708313,1.432160,142.9506
42.2820,2.348008,0.708520,1.433527,143.8804
42.2970,2.345254,0.708727,1.435211,144.6603
42.3290,2.336913,0.704928,1.433406,145.3351
42.3440,2.333565,0.704341,1.434575,145.9908
42.3600,2.329914,0.703983,1.435155,146.6540
42.3910,2.326511,0.703656,1.435701,147.2830
42.4070,2.323104,0.703326,1.436568,147.6922
42.4220,2.319584,0.703956,1.437291,147.9505
42.4540,2.315738,0.704613,1.437502,148.4562
42.4690,2.311795,0.705509,1.438605,147.5861
42.4850,2.309773,0.705098,1.440439,145.9133
42.5000,2.306437,0.705811,1.441250,144.9506
42.5320,2.303418,0.707513,1.441715,145.3092
42.5470,2.300301,0.707341,1.442263,145.9169
42.5630,2.297267,0.709405,1.443024,146.1876
42.5790,2.293502,0.710856,1.443306,145.9053
42.6100,2.290890,0.712870,1.443583,145.4808
42.6250,2.287288,0.714132,1.443288,145.3643
42.6410,2.284278,0.714966,1.443246,145.8716
42.6720,2.281245,0.716096,1.443193,146.4730
42.6880,2.277797,0.718102,1.442673,146.6550
42.7040,2.274250,0.719813,1.442244,146.2621
42.7190,2.271148,0.720474,1.442160,145.8746
42.7500,2.267866,0.721426,1.441438,145.8056
42.7660,2.264619,0.721904,1.440752,146.1616
42.7820,2.261331,0.723038,1.439811,146.7503
42.7970,2.258390,0.723139,1.439675,146.9050
42.8290,2.255225,0.724163,1.439342,146.8855
42.8440,2.251993,0.725438,1.439035,146.5358
42.8600,2.248770,0.726761,1.438654,146.1172
42.8910,2.245823,0.727536,1.438707,145.9565
42.9070,2.243017,0.728545,1.438720,145.9858
42.9220,2.240464,0.729667,1.438863,146.0739
42.9540,2.238173,0.730922,1.439242,145.9973
42.9690,2.236043,0.732353,1.439651,145.6956
42.9850,2.234040,0.733886,1.439894,145.0716
43.0160,2.232226,0.735419,1.439987,144.3378
43.0320,2.230586,0.736826,1.440136,143.8308
43.0470,2.229146,0.738110,1.440307,143.5799
43.0630,2.225793,0.738391,1.439322,143.6227
43.0940,2.224110,0.739214,1.438926,143.5906
43.1100,2.221697,0.740149,1.438061,143.6729
43.1250,2.219428,0.741301,1.437640,143.5025
43.1410,2.217424,0.742565,1.437864,143.2325
43.1570,2.215641,0.743200,1.438177,143.2372
43.1880,2.213690,0.743526,1.438066,143.7641
43.2040,2.211901,0.743561,1.437706,144.3969
43.2190,2.210062,0.743958,1.437287,144.6565
43.2500,2.208208,0.744808,1.437059,144.4214
43.2660,2.205880,0.746069,1.436750,144.1926
43.2820,2.203420,0.747715,1.436413,144.0154
43.2970,2.201883,0.748862,1.435883,143.6902
43.3130,2.200200,0.750310,1.435375,143.4875
43.3440,2.198968,0.751484,1.435123,143.3903
43.3750,2.197678,0.752547,1.435135,143.4984
43.3910,2.196697,0.753710,1.435081,143.5606
43.4070,2.194762,0.755589,1.434589,143.7319
43.4220,2.193911,0.756687,1.434069,143.7172
43.4380,2.192724,0.758150,1.433515,143.7498
43.4690,2.191478,0.759927,1.433041,143.8523
43.4850,2.190357,0.761501,1.432645,144.0945
43.5000,2.189497,0.762534,1.432174,144.2671
43.5320,2.188400,0.763774,1.431662,144.6382
43.5470,2.186881,0.765763,1.431234,145.1639
43.5630,2.185707,0.767149,1.430704,145.5078
43.5790,2.184502,0.768482,1.430131,145.7381
43.6100,2.183265,0.769756,1.429639,145.9752
43.6250,2.183080,0.769458,1.429380,146.1604
43.6410,2.181995,0.770375,1.428934,146.4787
43.6720,2.180893,0.771826,1.428493,146.8033
43.6880,2.179527,0.773109,1.427945,147.1821
43.7040,2.178043,0.774456,1.427506,147.6432
43.7190,2.176785,0.775266,1.427021,148.1588
43.7500,2.175551,0.776093,1.426517,148.5743
43.7660,2.174351,0.777040,1.426030,148.7024
43.7820,2.174349,0.775792,1.425542,148.8362
43.8130,2.173847,0.776094,1.425194,149.2886
43.8290,2.172941,0.776673,1.424733,149.7896
43.8440,2.172332,0.777380,1.424325,150.1336
43.8600,2.171610,0.778005,1.423559,150.6812
43.8910,2.171032,0.778770,1.423087,150.7100
43.9070,2.170284,0.779554,1.422965,150.5717
43.9220,2.169538,0.780141,1.423125,150.5492
43.9540,2.168921,0.780544,1.423160,150.5013
43.9690,2.167964,0.781546,1.423301,150.1622
43.9850,2.167930,0.781372,1.423050,149.6528
44.0000,2.167542,0.781109,1.423376,149.5401
44.0320,2.166779,0.780779,1.424055,149.5938
44.0470,2.165910,0.780361,1.424681,149.7724
44.0630,2.164922,0.780493,1.425240,150.1827
44.0940,2.164309,0.780028,1.425579,150.3534
44.1100,2.163494,0.779582,1.425989,150.1817
44.1250,2.163337,0.779661,1.426159,149.4160
44.1410,2.163262,0.779561,1.426427,148.1329
44.1570,2.163430,0.779820,1.426793,147.1381
44.1880,2.162941,0.779940,1.427715,146.9007
44.2040,2.161855,0.779897,1.428402,146.9102
44.2190,2.160758,0.780230,1.428896,146.8652
44.2500,2.159376,0.780505,1.429160,147.1743
44.2660,2.157939,0.780818,1.429765,147.4175
44.2820,2.156684,0.781784,1.430803,147.2595
44.2970,2.155057,0.782055,1.431299,146.9404
44.3290,2.152872,0.782397,1.431338,147.0137
44.3440,2.150591,0.782770,1.431275,147.3505
44.3600,2.148395,0.783286,1.431305,147.4117
44.3910,2.146280,0.783709,1.431678,147.2539
44.4070,2.144086,0.784213,1.432284,147.0804
44.4220,2.141742,0.784773,1.432742,146.9332
44.4380,2.140367,0.785016,1.432748,146.8017
44.4690,2.136184,0.785699,1.432310,146.8702
44.4850,2.130687,0.787581,1.432299,146.9889
44.5000,2.127403,0.788624,1.432361,146.9136
44.5160,2.124829,0.788240,1.432172,146.8846
44.5470,2.123076,0.788869,1.432531,146.9272
44.5630,2.118409,0.789524,1.432689,147.3165
44.5790,2.115453,0.790392,1.433307,147.3899
44.6100,2.112846,0.791402,1.433899,147.1681
44.6250,2.107915,0.792663,1.434022,147.3642
44.6410,2.102476,0.794425,1.434270,148.0900
44.6720,2.101154,0.794793,1.433997,148.1964
44.6880,2.098313,0.796165,1.433890,148.1650
44.7040,2.095376,0.797875,1.434122,148.1229
44.7190,2.092728,0.799645,1.434158,148.2240
44.7350,2.089924,0.801623,1.434069,148.3451
44.7660,2.087532,0.803722,1.433770,148.3892
44.7820,2.082620,0.806764,1.433926,148.6573
44.7970,2.079953,0.808850,1.434337,148.8301
44.8290,2.077262,0.810983,1.434560,148.9816
44.8440,2.074532,0.813252,1.434576,149.1620
44.8600,2.071702,0.815475,1.435036,149.3083
44.8750,2.068742,0.818190,1.435014,149.4491
44.9070,2.064952,0.821831,1.435478,149.7421
44.9220,2.063534,0.821796,1.433513,149.8858
44.9380,2.060683,0.824272,1.433037,149.9480
44.9690,2.057758,0.826972,1.432582,150.0800
44.9850,2.054844,0.829990,1.432138,150.2173
45.0000,2.052022,0.833018,1.431605,150.2825
45.0320,2.049226,0.836058,1.430901,150.4061
45.0470,2.045936,0.839965,1.430705,150.7727
45.0630,2.043029,0.843205,1.429620,151.1599
45.0790,2.039531,0.847375,1.429596,151.4289
45.1100,2.036239,0.850951,1.429322,151.4652
45.1250,2.032873,0.854477,1.429313,151.5362
45.1410,2.029471,0.857875,1.429504,151.6896
45.1720,2.027198,0.859066,1.428235,151.7653
45.1880,2.023429,0.862672,1.429323,151.8246
45.2040,2.020612,0.865094,1.429220,151.9712
45.2190,2.015820,0.869372,1.429435,152.3955
45.2500,2.011596,0.872714,1.430220,152.6394
45.2660,2.008669,0.875674,1.430469,152.5674
45.2820,2.005672,0.878725,1.431079,152.3226
45.2970,2.004224,0.880355,1.431398,152.1524
45.3290,2.001046,0.883490,1.431872,152.1272
45.3440,1.997706,0.886693,1.432150,152.3123
45.3600,1.994348,0.889802,1.432524,152.6090
45.3750,1.991165,0.892945,1.433187,152.7866
45.4070,1.988168,0.896139,1.433884,152.7270
45.4220,1.983235,0.898890,1.433990,152.7853
45.4380,1.979916,0.901747,1.434102,152.9663
45.4690,1.976572,0.904625,1.434318,153.1678
45.4850,1.973261,0.907625,1.434587,153.1694
45.5000,1.970313,0.910459,1.434850,152.9707
45.5160,1.966320,0.913602,1.435585,153.0155
45.5470,1.963251,0.915908,1.435558,153.0373
45.5630,1.960000,0.919001,1.436130,153.0788
45.5790,1.957059,0.921418,1.435779,152.9917
45.5940,1.952438,0.925509,1.435359,153.0968
45.6250,1.949225,0.928376,1.435226,153.2480
45.6410,1.946495,0.931229,1.434926,153.1432
45.6570,1.943933,0.934156,1.434728,152.8655
45.6880,1.941385,0.937053,1.434569,152.7529
45.7040,1.940092,0.938687,1.434567,152.7144
45.7190,1.937717,0.941610,1.434445,152.4899
45.7500,1.935561,0.944635,1.434255,151.9426
45.7660,1.933257,0.947573,1.433931,151.3123
45.7820,1.931265,0.950395,1.433885,150.8064
45.7970,1.928880,0.952896,1.433722,150.5237
45.8290,1.926431,0.955096,1.433814,150.3129
45.8440,1.923893,0.957063,1.434166,150.0758
45.8600,1.921258,0.958900,1.434590,149.9432
45.8750,1.918580,0.960729,1.434912,149.8906
45.9070,1.915934,0.962647,1.435060,149.8254
45.9220,1.913216,0.964625,1.434945,149.7790
45.9380,1.910158,0.966607,1.434502,150.1361
45.9690,1.906747,0.968522,1.433833,150.8743
45.9850,1.903290,0.970328,1.433206,151.5364
46.0000,1.900018,0.972059,1.432854,151.8352
46.0320,1.896868,0.973795,1.432694,151.8831
46.0470,1.893651,0.975529,1.432405,151.9690
46.0630,1.890226,0.977290,1.431921,152.1699
46.0940,1.886593,0.979026,1.431366,152.5094
46.1100,1.884048,0.984103,1.437964,153.1779
46.1250,1.880538,0.986065,1.438182,153.7148
46.1410,1.877310,0.988073,1.438860,154.1545
46.1570,1.873894,0.990398,1.439003,154.2639
46.1880,1.870179,0.992474,1.438860,154.6352
46.2040,1.865929,0.994264,1.438574,155.5881
46.2190,1.861739,0.995774,1.438623,156.4340
46.2500,1.858137,0.997233,1.439348,156.4262
46.2660,1.855237,0.998746,1.440442,155.5298
46.2820,1.852727,1.000254,1.441417,154.2009
46.2970,1.850386,1.001134,1.440580,153.1770
46.3130,1.846738,1.001951,1.440789,153.4180
46.3440,1.842773,1.003272,1.441195,154.5266
46.3600,1.838602,1.004642,1.441484,155.9272
46.3910,1.834776,1.006172,1.441746,156.8671
46.4070,1.831558,1.007847,1.442163,156.8557
46.4220,1.828806,1.009513,1.442785,156.2649
46.4380,1.826198,1.011126,1.443581,155.7150
46.4690,1.823502,1.012710,1.444447,155.4512
46.4850,1.820643,1.014196,1.445225,155.4868
46.5000,1.816113,1.012023,1.444912,156.0921
46.5160,1.818743,1.015910,1.441852,156.4637
46.5470,1.815993,1.017032,1.441738,156.9733
46.5630,1.813344,1.018233,1.441670,157.2967
46.5790,1.810907,1.019552,1.441530,157.1376
46.5940,1.808620,1.020738,1.441398,156.8608
46.6250,1.806180,1.021800,1.441581,156.8879
46.6410,1.803851,1.022678,1.442096,157.1643
46.6570,1.801556,1.023807,1.442531,157.3248
46.6880,1.799178,1.025156,1.442507,157.1679
46.7040,1.796873,1.026640,1.442164,156.8145
46.7190,1.794490,1.028052,1.441919,156.6603
46.7350,1.792018,1.029335,1.442101,156.8203
46.7660,1.789546,1.030581,1.442603,157.0396
46.7820,1.787087,1.031898,1.443041,157.1206
46.7970,1.784591,1.033310,1.443156,157.0705
46.8290,1.783060,1.035743,1.445318,157.2120
46.8440,1.780331,1.037354,1.445303,157.2881
46.8600,1.777390,1.038920,1.445199,157.5599
46.8750,1.774315,1.040372,1.445040,157.8942
46.9070,1.771203,1.041783,1.444950,158.2164
46.9220,1.768142,1.043214,1.444916,158.4082
46.9380,1.764091,1.045300,1.444582,158.5210
46.9540,1.761030,1.046746,1.444325,158.3223
46.9850,1.757759,1.047594,1.443925,158.4748
47.0000,1.754489,1.048737,1.443853,158.7340
47.0320,1.754556,1.051458,1.441073,159.0359
47.0470,1.751511,1.052799,1.439624,159.0851
47.0630,1.748371,1.054371,1.438230,158.9727
47.0790,1.745161,1.056107,1.436754,158.8107
47.1100,1.741859,1.057781,1.435495,158.7020
47.1250,1.738392,1.059179,1.434657,158.7477
47.1410,1.734755,1.060591,1.434075,158.9185
47.1570,1.730987,1.062043,1.433453,159.0661
47.1880,1.727192,1.063677,1.432611,159.3526
47.2040,1.723542,1.065789,1.431803,159.8303
47.2190,1.720270,1.068215,1.431468,160.3560
47.2350,1.717469,1.071081,1.431526,160.6813
47.2660,1.715119,1.074231,1.431619,160.6649
47.2820,1.713157,1.077579,1.431563,160.3788
47.2970,1.711419,1.080850,1.431528,160.0751
47.3130,1.709792,1.084016,1.431726,159.8796
47.3440,1.707881,1.086831,1.432194,159.9034
47.3600,1.705917,1.089414,1.432890,160.1182
47.3750,1.703974,1.091778,1.433592,160.3163
47.4070,1.702129,1.093981,1.434172,160.4135
47.4220,1.700379,1.096162,1.434651,160.4906
47.4380,1.698712,1.098379,1.435032,160.5635
47.4690,1.697132,1.100466,1.435278,160.5777
47.4850,1.695546,1.102347,1.435487,160.6199
47.5000,1.693822,1.104038,1.435733,160.8032
47.5160,1.691843,1.105553,1.435910,161.2409
47.5470,1.689742,1.106896,1.435932,161.8203
47.5630,1.687804,1.108062,1.435956,162.3256
47.5790,1.686066,1.109113,1.436064,162.5881
47.5940,1.684544,1.110070,1.436088,162.6765
47.6250,1.683131,1.110991,1.435833,162.5859
47.6410,1.681729,1.111820,1.435258,162.4056
47.6570,1.680233,1.112486,1.434445,162.3369
47.6880,1.678502,1.112905,1.433490,162.4153
47.7040,1.676530,1.112903,1.432501,162.8638
47.7190,1.674415,1.112438,1.431707,163.7319
47.7350,1.672242,1.111709,1.431269,164.8009
47.7660,1.670174,1.110982,1.431046,165.9611
47.7820,1.684715,1.117445,1.439078,166.5773
47.7970,1.684288,1.117684,1.438665,166.1384
47.8130,1.683906,1.118207,1.438295,165.9016
47.8440,1.683191,1.118662,1.438106,166.2845
47.8600,1.682263,1.118972,1.437739,166.9208
47.8750,1.681411,1.119234,1.436958,167.1802
47.9070,1.680885,1.119707,1.435892,166.5471
47.9220,1.682590,1.118839,1.434629,165.5479
47.9380,1.681255,1.118865,1.433911,166.5333
47.9540,1.680402,1.118008,1.433291,167.7547
47.9850,1.678870,1.118005,1.433066,168.9777
48.0000,1.677404,1.117872,1.433194,169.8547
48.0160,1.676148,1.118577,1.432420,170.3075
48.0320,1.674885,1.119479,1.431296,170.7406
48.0630,1.673402,1.120287,1.430429,171.3858
48.0790,1.671918,1.120956,1.430055,172.2511
48.0940,1.670495,1.121289,1.430069,173.3219
48.1250,1.669072,1.121525,1.429733,174.6368
48.1410,1.668131,1.121745,1.429144,176.4444
48.1570,1.667296,1.122043,1.428996,178.9630
48.1880,1.666628,1.122795,1.429280,-179.0630
48.2040,1.665348,1.124515,1.429762,-178.6794
48.2190,1.663321,1.127092,1.430704,-179.5431
48.2350,1.661110,1.130020,1.432159,179.4558
48.2500,1.658717,1.132725,1.433667,179.1418
48.2820,1.656311,1.135279,1.434853,179.3522
48.2970,1.652734,1.139310,1.435787,179.8584
48.3130,1.649550,1.142898,1.436705,-179.5991
48.3440,1.649569,1.145985,1.438268,-179.1153
48.3600,1.646008,1.150183,1.439197,-178.8282
48.3750,1.641987,1.154185,1.439813,-178.6574
48.3910,1.637711,1.157972,1.439936,-178.2485
48.4220,1.633467,1.161674,1.440177,-177.6679
48.4380,1.631039,1.164546,1.440041,-177.1529
48.4540,1.626211,1.169033,1.439812,-176.6787
48.4850,1.622193,1.172929,1.439954,-176.1741
48.5000,1.617413,1.175978,1.440266,-175.7447
48.5320,1.611846,1.180046,1.439926,-175.3902
48.5470,1.605946,1.183920,1.439050,-175.0511
48.5630,1.599860,1.187842,1.437974,-174.5481
48.5790,1.593742,1.191950,1.437029,-173.8476
48.6100,1.587455,1.196195,1.436417,-173.0683
48.6250,1.580789,1.200667,1.435802,-172.3910
48.6410,1.573539,1.205129,1.434977,-171.8429
48.6570,1.565789,1.209858,1.433970,-171.4766
48.6720,1.557717,1.214743,1.433149,-171.1463
48.7040,1.549423,1.219750,1.432887,-170.7596
48.7190,1.540824,1.224749,1.433220,-170.2135
48.7500,1.531919,1.229741,1.433794,-169.7770
48.7660,1.522748,1.234670,1.434262,-169.4171
48.7820,1.513469,1.239532,1.434513,-168.8849
48.8130,1.504094,1.244389,1.434621,-168.2489
48.8290,1.501399,1.250293,1.435398,-167.8878
48.8440,1.492211,1.255400,1.435364,-167.5219
48.8600,1.483032,1.260432,1.435332,-167.1304
48.8750,1.474033,1.265248,1.435179,-166.5534
48.9070,1.465262,1.269837,1.434830,-165.7088
48.9220,1.456615,1.274315,1.434352,-164.7986
48.9380,1.447989,1.278753,1.433923,-164.0116
48.9540,1.439384,1.283075,1.433655,-163.3574
48.9850,1.430917,1.287165,1.433488,-162.7170
49.0000,1.422657,1.290966,1.433271,-162.0606
49.0160,1.414658,1.294535,1.432948,-161.3969
49.0320,1.405914,1.301045,1.433052,-160.5977
49.0630,1.398583,1.304146,1.432987,-159.6775
49.0790,1.391549,1.306880,1.432967,-158.6907
49.0940,1.384701,1.309576,1.432996,-157.6940
49.1250,1.377968,1.311653,1.432727,-156.8607
49.1410,1.371393,1.313563,1.432385,-156.0078
49.1570,1.364975,1.315093,1.432034,-154.8745
49.1720,1.358663,1.316329,1.431647,-153.5879
49.2040,1.352162,1.317453,1.431244,-152.3186
49.2190,1.345405,1.318241,1.430697,-151.3479
49.2350,1.338398,1.318758,1.430106,-150.7171
49.2660,1.331283,1.318961,1.429642,-150.1440
49.2820,1.324217,1.317969,1.428824,-149.4122
49.2970,1.317500,1.317154,1.428275,-148.5477
49.3130,1.343397,1.316846,1.436101,-147.7543
49.3440,1.338444,1.315729,1.435006,-146.4883
49.3600,1.333571,1.314025,1.434106,-145.5405
49.3750,1.328635,1.311827,1.433388,-145.0100
49.3910,1.323126,1.309384,1.432433,-144.6064
49.4220,1.318749,1.307195,1.431240,-144.3362
49.4380,1.316188,1.304435,1.432033,-144.2219
49.4540,1.307811,1.299019,1.430738,-143.5033
49.4850,1.305089,1.296908,1.430909,-143.3452
49.5000,1.299735,1.292807,1.429974,-142.7714
49.5160,1.291519,1.286230,1.428509,-142.0271
49.5470,1.285744,1.281464,1.427230,-141.8301
49.5630,1.282784,1.278945,1.426529,-141.7565
49.5790,1.276773,1.273727,1.424996,-141.6251
49.5940,1.267233,1.266378,1.420903,-141.3462
49.6250,1.263944,1.265116,1.419277,-141.1127
49.6410,1.258684,1.258328,1.417631,-141.0587
49.6570,1.253692,1.252804,1.416319,-141.1356
49.6880,1.248845,1.247259,1.415325,-141.2795
49.6880,1.244208,1.241575,1.414436,-141.2737
49.7190,1.239851,1.235835,1.413798,-141.1012
49.7350,1.234424,1.229970,1.413024,-140.9462
49.7500,1.230746,1.224588,1.412750,-141.0070
49.7820,1.227010,1.219041,1.412768,-141.1835
49.7970,1.223397,1.213350,1.412970,-141.1409
49.8130,1.218778,1.207018,1.413128,-140.8452
49.8440,1.214951,1.203117,1.412929,-140.4949
49.8600,1.210150,1.197315,1.412502,-140.2352
49.8750,1.205359,1.190927,1.412443,-140.0737
49.8910,1.200737,1.184248,1.412710,-139.8392
49.9220,1.199899,1.171952,1.414207,-139.4883
49.9380,1.196150,1.165054,1.415050,-138.9664
49.9540,1.192487,1.158091,1.415887,-138.4642
49.9690,1.191069,1.155900,1.416199,-137.9297
50.0000,1.187491,1.149358,1.416775,-137.5037
50.0160,1.186991,1.138006,1.417467,-137.1689
50.0320,1.185340,1.130595,1.418199,-136.8294
50.0630,1.181499,1.122368,1.419053,-136.5192
50.0790,1.177742,1.114700,1.419224,-136.1187
50.0940,1.174263,1.110833,1.416932,-135.6960
50.1100,1.170564,1.103681,1.416252,-134.9714
50.1410,1.165814,1.096958,1.414013,-134.3918
50.1570,1.161237,1.089447,1.412315,-133.9360
50.1880,1.158438,1.081085,1.410804,-133.5590
50.1880,1.153945,1.073316,1.409316,-133.2815
50.2190,1.149922,1.064343,1.407454,-132.7338
50.2350,1.145623,1.055737,1.405815,-132.0261
50.2660,1.141229,1.047391,1.403987,-131.2875
50.2820,1.136693,1.038886,1.401999,-130.5915
50.2970,1.132019,1.030276,1.399889,-129.9788
50.3130,1.125818,1.020740,1.400486,-129.4497
50.3290,1.120468,1.011594,1.399763,-128.9326
50.3600,1.115479,1.002619,1.398245,-128.3419
50.3750,1.110357,0.993486,1.397354,-127.5456
50.3910,1.104885,0.984669,1.394841,-126.8595
50.4220,1.099415,0.975559,1.393517,-126.2987
50.4380,1.093865,0.966223,1.392172,-126.2380
50.4540,1.087972,0.957095,1.390239,-126.4548
50.4850,1.084076,0.946748,1.389238,-126.7457
50.5000,1.078517,0.938033,1.388803,-126.9639
50.5160,1.073650,0.928464,1.388743,-126.6749
50.5320,1.069194,0.919064,1.388214,-126.1644
50.5470,1.062831,0.908215,1.387972,-125.8364
50.5790,1.058225,0.899078,1.388180,-126.0025
50.5940,1.053816,0.889992,1.388640,-126.2842
50.6100,1.049769,0.880794,1.388858,-126.5223
50.6410,1.046089,0.871407,1.388611,-126.5475
50.6570,1.042665,0.861829,1.388085,-126.2488
50.6880,1.042590,0.852192,1.387015,-125.7994
50.7040,1.040510,0.841037,1.387910,-125.6062
50.7190,1.037729,0.831559,1.387973,-125.4496
50.7500,1.034573,0.822201,1.387777,-125.3003
50.7500,1.031399,0.811391,1.388046,-125.3787
50.7820,1.027342,0.801307,1.387655,-125.9194
50.7970,1.023056,0.791224,1.387314,-126.7512
50.8130,1.018709,0.781150,1.387137,-127.6415
50.8290,1.014501,0.771031,1.387029,-128.3394
50.8600,1.010534,0.760788,1.386732,-128.6487
50.8750,1.006721,0.750353,1.386033,-128.6975
50.8910,1.007858,0.744112,1.383816,-128.7793
50.9220,1.002288,0.736339,1.382648,-129.4008
50.9380,0.997766,0.726666,1.381496,-130.3514
50.9540,0.993034,0.717237,1.380130,-131.3305
50.9690,0.988271,0.707117,1.378858,-132.2220
51.0000,0.983437,0.696746,1.377489,-132.9847
51.0160,0.978522,0.686215,1.375919,-133.6971
51.0320,0.973442,0.675597,1.374249,-134.4475
51.0630,0.963440,0.666021,1.370282,-135.3600
51.0790,0.961385,0.658071,1.367194,-136.4221
51.1100,0.956756,0.649235,1.364302,-137.5189
51.1250,0.952679,0.640000,1.361118,-138.6837
51.1410,0.947455,0.628782,1.358726,-139.7104
51.1570,0.942001,0.617557,1.356483,-140.7343
51.1720,0.936269,0.606064,1.354541,-141.9536
51.1880,0.930004,0.594672,1.352544,-143.4318
51.2190,0.923666,0.583635,1.350808,-144.8456
51.2350,0.917453,0.573200,1.349854,-146.0352
51.2500,0.911350,0.563306,1.349939,-147.1076
51.2820,0.900718,0.549528,1.356092,-148.1386
51.2970,0.896308,0.543215,1.356587,-149.8366
51.3130,0.888296,0.530633,1.358466,-151.3679
51.3440,0.881515,0.521258,1.359351,-152.9753
51.3600,0.875277,0.512315,1.360820,-154.1537
51.3750,0.869320,0.503989,1.362846,-155.0426
51.3910,0.864346,0.499500,1.364288,-156.0436
51.4220,0.857264,0.490975,1.366628,-156.5285
51.4380,0.851679,0.484202,1.368060,-157.2133
51.4540,0.847869,0.475620,1.368554,-157.7269
51.4850,0.843272,0.469624,1.368126,-158.3855
51.5000,0.835195,0.460551,1.369769,-158.8090
51.5160,0.829359,0.454346,1.370464,-159.2008
51.5470,0.821913,0.445151,1.371308,-159.1047
51.5470,0.816178,0.438984,1.371477,-158.8785
51.5790,0.810409,0.433079,1.371687,-158.7509
51.5940,0.805573,0.429542,1.370658,-159.1675
51.6100,0.796712,0.421998,1.371486,-159.6245
51.6410,0.789144,0.413986,1.371341,-160.2960
51.6570,0.781338,0.410995,1.370688,-161.0283
51.6720,0.772820,0.404123,1.370508,-161.3839
51.7040,0.768603,0.398042,1.369256,-161.8313
51.7190,0.761393,0.393026,1.368743,-162.0725
51.7350,0.753881,0.388196,1.368285,-162.4315
51.7500,0.745059,0.382382,1.367332,-163.2028
51.7660,0.736749,0.377832,1.366737,-163.9123
51.7970,0.728229,0.373425,1.366142,-164.4297
51.8130,0.716610,0.361229,1.367267,-164.3860
51.8290,0.707451,0.356209,1.367051,-164.1707
51.8600,0.695384,0.348770,1.367480,-163.6938
51.8750,0.684102,0.342949,1.367404,-163.2466
51.8910,0.673542,0.337474,1.367052,-162.8302
51.9220,0.663369,0.338002,1.365428,-162.6268
51.9380,0.652760,0.335709,1.364452,-162.5176
51.9540,0.641899,0.332280,1.363901,-162.3354
51.9690,0.631083,0.328631,1.363968,-161.4972
52.0000,0.618508,0.322312,1.364039,-160.3435
52.0160,0.603694,0.316654,1.365062,-159.4465
52.0320,0.595442,0.308561,1.364659,-158.8828
52.0470,0.583685,0.303983,1.365211,-158.4917
52.0790,0.570389,0.297524,1.367355,-158.0860
52.0940,0.557814,0.294635,1.368376,-157.8092
52.1100,0.546356,0.291521,1.369947,-157.6363
52.1410,0.533956,0.286374,1.371343,-157.5851
52.1570,0.519660,0.278708,1.374058,-157.2712
52.1720,0.506923,0.272508,1.375209,-156.7315
52.1880,0.495853,0.268880,1.373023,-156.5075
52.2190,0.482796,0.262920,1.372047,-156.7310
52.2350,0.469712,0.256449,1.371666,-157.2006
52.2500,0.457032,0.249689,1.371537,-157.4037
52.2820,0.445470,0.242164,1.373538,-156.8351
52.2970,0.433328,0.234698,1.373964,-156.0759
52.3130,0.420938,0.227782,1.374762,-155.5190
52.3290,0.407694,0.220149,1.373469,-155.3807
52.3600,0.393008,0.210256,1.375967,-155.3707
52.3750,0.381029,0.204201,1.373366,-155.4629
52.3910,0.368300,0.196323,1.371653,-155.0943
52.4070,0.355746,0.187747,1.370742,-154.1098
52.4380,0.343165,0.179467,1.368987,-153.2352
52.4540,0.330227,0.170890,1.367592,-152.8252
52.4690,0.317143,0.162441,1.365790,-152.9429
52.5000,0.304269,0.153743,1.364319,-153.0803
52.5160,0.291503,0.142444,1.364747,-152.5989
52.5320,0.280709,0.133854,1.363233,-151.6968
52.5470,0.269387,0.125175,1.362345,-151.0562
52.5790,0.257125,0.116265,1.362155,-150.7501
52.5940,0.245299,0.107881,1.361758,-150.7177
52.6100,0.232959,0.099321,1.361946,-150.9034
52.6410,0.221295,0.091008,1.362245,-151.0451
52.6570,0.209854,0.078650,1.364164,-150.7621
52.6720,0.193418,0.070018,1.367296,-150.3766
52.7040,0.180182,0.060620,1.370271,-150.2934
52.7190,0.165116,0.052316,1.369664,-150.7465
52.7350,0.151906,0.042682,1.371387,-151.1189
52.7500,0.139291,0.032811,1.373542,-150.7986
52.7660,0.125789,0.024353,1.378216,-149.7433
52.7970,0.113647,0.014335,1.381287,-148.6675
52.8130,0.101167,0.004455,1.384482,-148.1503
52.8290,0.088298,-0.005131,1.387853,-148.2496
52.8600,0.075273,-0.014515,1.391520,-148.6082
52.8750,0.062440,-0.023845,1.395468,-148.7250
52.8910,0.049996,-0.033138,1.399534,-148.4042
52.9070,0.037811,-0.042375,1.403582,-147.8935
52.9380,0.025702,-0.051612,1.407602,-147.4754
52.9540,0.008255,-0.056380,1.414301,-147.0334
52.9690,-0.004213,-0.065294,1.418286,-146.6950
53.0000,-0.000516,-0.057836,1.411599,-146.4379
53.0160,-0.011094,-0.064883,1.412774,-146.0577
53.0320,-0.022607,-0.075464,1.417476,-145.3252
53.0470,-0.039305,-0.087338,1.421260,-144.4560
53.0790,-0.045853,-0.092167,1.421793,-144.2544
53.0940,-0.057805,-0.099417,1.423051,-144.0171
53.1100,-0.069434,-0.106927,1.424203,-143.6156
53.1410,-0.081115,-0.114372,1.425318,-143.0363
53.1570,-0.092896,-0.121891,1.425803,-142.3152
53.1720,-0.105062,-0.129268,1.426310,-141.8120
53.1880,-0.120733,-0.137688,1.422717,-141.3954
53.2190,-0.133906,-0.147180,1.423144,-140.8796
53.2350,-0.146090,-0.155955,1.425573,-140.2349
53.2500,-0.158638,-0.163534,1.426809,-139.4861
53.2820,-0.171707,-0.171256,1.426899,-138.6908
53.2970,-0.182606,-0.174919,1.421067,-137.6939
53.3130,-0.195906,-0.181296,1.419551,-136.7534
53.3290,-0.209513,-0.190583,1.419385,-135.8640
53.3600,-0.222609,-0.198762,1.416789,-134.9210
53.3750,-0.235264,-0.203186,1.416471,-133.7208
53.3910,-0.246446,-0.209829,1.417219,-132.3650
53.4070,-0.259498,-0.217112,1.416258,-130.9299
53.4380,-0.272926,-0.224367,1.415266,-129.6520
53.4540,-0.288437,-0.230701,1.408687,-128.4879
53.4690,-0.302284,-0.237759,1.406863,-127.2177
53.5000,-0.316289,-0.244138,1.402051,-125.4757
53.5160,-0.330180,-0.251166,1.398548,-123.3563
53.5320,-0.339569,-0.257897,1.403360,-121.6793
53.5470,-0.352332,-0.264612,1.402196,-120.0194
53.5790,-0.365820,-0.272708,1.397771,-118.0600
53.5940,-0.376676,-0.278522,1.394081,-115.1568
53.6100,-0.386798,-0.283768,1.397904,-111.7368
53.6410,-0.396911,-0.289923,1.397905,-108.6531
53.6570,-0.407762,-0.296466,1.397126,-105.9541
53.6720,-0.420052,-0.305239,1.396725,-103.6779
53.6880,-0.431581,-0.312414,1.397288,-101.6704
53.7190,-0.442156,-0.319846,1.397691,-99.4950
53.7350,-0.452560,-0.326903,1.398139,-96.7728
53.7500,-0.463934,-0.334077,1.397872,-93.9752
53.7660,-0.473162,-0.340887,1.398349,-92.0343
53.7970,-0.482909,-0.347725,1.398124,-90.4868
53.8290,-0.488039,-0.348867,1.394928,-88.7073
53.8290,-0.494763,-0.353481,1.394180,-86.5250
53.8600,-0.501365,-0.358920,1.394897,-84.4861
53.8750,-0.505656,-0.364176,1.398142,-82.7346
53.8910,-0.510060,-0.368157,1.396980,-81.0911
53.9070,-0.513978,-0.372279,1.398547,-79.5601
53.9380,-0.518457,-0.377270,1.399777,-78.2852
53.9540,-0.521495,-0.379974,1.397392,-77.3906
53.9690,-0.524947,-0.383065,1.398695,-76.3571
54.0000,-0.528309,-0.389241,1.400054,-74.3492
54.0160,-0.531821,-0.393502,1.400725,-72.1607
54.0320,-0.534385,-0.398366,1.401066,-70.5534
54.0470,-0.536604,-0.401260,1.406685,-69.6571
54.0790,-0.538641,-0.406467,1.407682,-68.9045
54.0940,-0.540075,-0.411183,1.408631,-67.6150
54.1100,-0.540926,-0.415284,1.409348,-65.6936
54.1250,-0.541432,-0.419169,1.409657,-63.7248
54.1570,-0.541719,-0.423294,1.409577,-62.1613
54.1720,-0.541740,-0.427740,1.409226,-60.9108
54.1880,-0.541102,-0.421215,1.399555,-59.8791
54.2190,-0.540434,-0.424065,1.397277,-58.6535
54.2350,-0.539352,-0.426472,1.395567,-57.2880
54.2500,-0.537949,-0.428555,1.394157,-55.8356
54.2660,-0.536462,-0.430702,1.392683,-54.3068
54.2970,-0.534302,-0.431430,1.391126,-52.7355
54.3130,-0.532977,-0.428977,1.398311,-51.1894
54.3290,-0.531111,-0.430721,1.399203,-49.7928
54.3600,-0.528250,-0.430550,1.398160,-48.8683
54.3750,-0.526457,-0.431181,1.398513,-48.1615
54.3910,-0.525797,-0.432168,1.397767,-47.5860
54.4070,-0.523641,-0.431218,1.397319,-44.9241
54.4380,-0.522961,-0.429630,1.399871,-42.8057
54.4540,-0.521405,-0.430007,1.400318,-41.3926
54.4690,-0.520573,-0.430601,1.398961,-40.9665
54.5000,-0.518777,-0.431946,1.399011,-40.5897
54.5160,-0.516909,-0.433041,1.398965,-39.9470
54.5320,-0.515816,-0.428970,1.395622,-37.4098
54.5470,-0.515232,-0.428547,1.395249,-36.2574
54.5790,-0.514756,-0.426020,1.398420,-34.2098
54.5940,-0.513985,-0.426145,1.398123,-33.1222
54.6100,-0.511781,-0.425282,1.394952,-32.8564
54.6250,-0.511223,-0.425505,1.394432,-32.6136
54.6570,-0.511584,-0.425479,1.394312,-31.3205
54.6720,-0.509826,-0.423673,1.390768,-29.3338
54.6880,-0.510179,-0.425043,1.389173,-28.9408
54.7190,-0.509356,-0.425888,1.385793,-28.3366
54.7350,-0.508398,-0.425956,1.383378,-27.7467
54.7500,-0.507548,-0.425956,1.381018,-27.1680
54.7660,-0.509091,-0.421793,1.381523,-26.0967
54.7970,-0.508911,-0.420696,1.381426,-24.8760
54.8130,-0.508641,-0.419888,1.380735,-23.9526
54.8290,-0.506289,-0.416900,1.377454,-23.7950
54.8600,-0.505270,-0.415860,1.376050,-23.7354
54.8750,-0.504406,-0.414578,1.375101,-23.4717
54.8910,-0.503390,-0.412945,1.374697,-23.0341
54.9070,-0.501939,-0.406619,1.371287,-22.3286
54.9380,-0.501022,-0.402527,1.369305,-21.5543
54.9540,-0.499907,-0.399854,1.367602,-21.3809
54.9690,-0.498541,-0.397248,1.365883,-21.5746
54.9850,-0.497028,-0.394291,1.364715,-21.0574
55.0160,-0.499195,-0.387555,1.368184,-19.5844
55.0320,-0.497951,-0.383942,1.367557,-18.4166
55.0470,-0.496322,-0.380942,1.366193,-18.1592
55.0790,-0.494065,-0.378039,1.364351,-18.5383
55.0940,-0.492311,-0.374784,1.362528,-18.4745
55.1100,-0.490754,-0.371232,1.361499,-17.8607
55.1250,-0.489527,-0.368351,1.361403,-17.3171
55.1570,-0.487712,-0.365319,1.361230,-17.0877
55.1720,-0.486075,-0.362844,1.360722,-16.9712
55.1880,-0.485508,-0.360304,1.360201,-16.9683
55.2190,-0.483724,-0.357860,1.359644,-16.9415
55.2350,-0.481913,-0.355406,1.359884,-16.5921
55.2500,-0.480019,-0.352925,1.360325,-16.1148
55.2660,-0.478139,-0.350417,1.360377,-15.6994
55.2970,-0.476243,-0.348016,1.359925,-15.5841
55.3130,-0.474185,-0.345892,1.359355,-15.7312
55.3290,-0.474470,-0.342744,1.359518,-15.8053
55.3440,-0.473400,-0.341736,1.359441,-15.7806
55.3750,-0.471085,-0.339506,1.359187,-15.4984
55.3910,-0.469123,-0.337886,1.358712,-15.0628
55.4070,-0.468273,-0.335855,1.358379,-14.5472
55.4380,-0.466673,-0.334494,1.358406,-14.4622
55.4540,-0.464562,-0.333154,1.358459,-14.4762
55.4690,-0.462322,-0.331953,1.358465,-14.4122
55.4850,-0.459940,-0.330872,1.358288,-14.4942
55.5160,-0.457503,-0.329713,1.358216,-14.7172
55.5320,-0.454893,-0.328488,1.358115,-14.7896
55.5470,-0.452389,-0.327185,1.357884,-14.6869
55.5790,-0.450693,-0.325926,1.357887,-14.5792
55.5940,-0.448695,-0.324853,1.357996,-14.5211
55.6100,-0.446393,-0.323578,1.357922,-14.4010
55.6410,-0.444121,-0.322338,1.357519,-14.2823
55.6570,-0.441894,-0.320959,1.356778,-14.2131
55.6720,-0.439368,-0.319642,1.355719,-14.2072
55.6880,-0.436877,-0.318411,1.355058,-14.0908
55.7190,-0.434932,-0.317103,1.354918,-13.8428
55.7350,-0.432582,-0.316033,1.354269,-13.6140
55.7500,-0.430136,-0.315242,1.353536,-13.6287
55.7660,-0.427507,-0.314694,1.352792,-13.7910
55.7970,-0.424863,-0.314162,1.351995,-13.7899
55.8130,-0.422436,-0.313692,1.351672,-13.6010
55.8290,-0.419914,-0.313241,1.351479,-13.4508
55.8440,-0.417437,-0.312946,1.350834,-13.4511
55.8750,-0.415085,-0.312647,1.350399,-13.3393
55.8910,-0.412654,-0.312263,1.349764,-13.1383
55.9070,-0.410207,-0.312044,1.349339,-13.0143
55.9380,-0.407757,-0.311738,1.349004,-12.9705
55.9540,-0.405439,-0.311283,1.348696,-12.8696
55.9690,-0.403303,-0.310696,1.348315,-12.6220
56.0000,-0.401293,-0.310064,1.347864,-12.2097
56.0160,-0.399195,-0.309571,1.347450,-12.1445
56.0320,-0.396907,-0.309278,1.347095,-12.4856
56.0470,-0.396536,-0.308720,1.348751,-12.6938
56.0790,-0.394433,-0.308153,1.348870,-12.9145
56.0940,-0.392372,-0.307718,1.348706,-13.1473
56.1100,-0.390695,-0.306913,1.348860,-13.1711
56.1250,-0.388988,-0.306069,1.348775,-12.9944
56.1570,-0.387273,-0.305230,1.348618,-12.8775
56.1720,-0.385433,-0.304534,1.348410,-12.9774
56.1880,-0.383612,-0.303805,1.347681,-13.1021
56.2190,-0.381781,-0.303120,1.347284,-13.1136
56.2350,-0.380122,-0.302551,1.347110,-13.0398
56.2500,-0.378481,-0.302024,1.347008,-12.9122
56.2660,-0.376837,-0.301534,1.346887,-12.7705
56.2970,-0.375166,-0.301066,1.346634,-12.7006
56.3130,-0.373559,-0.300504,1.346371,-12.5773
56.3290,-0.372004,-0.299826,1.346115,-12.4809
56.3440,-0.370373,-0.299149,1.345770,-12.4854
56.3750,-0.368735,-0.298469,1.345386,-12.5243
56.3910,-0.367381,-0.297529,1.345325,-12.4195
56.4070,-0.366000,-0.296795,1.345372,-12.2408
56.4380,-0.364260,-0.295709,1.345125,-12.0417
56.4540,-0.363639,-0.296162,1.345543,-12.1836
56.4690,-0.362195,-0.295589,1.345220,-12.2356
56.5000,-0.361193,-0.295102,1.344177,-12.2769
56.5160,-0.359286,-0.294332,1.344546,-12.4352
56.5320,-0.358059,-0.293937,1.343357,-12.5125
56.5470,-0.356458,-0.293442,1.342885,-12.5285
56.5630,-0.354905,-0.292917,1.341889,-12.4933
56.5940,-0.353378,-0.292471,1.341343,-12.4965
56.6100,-0.351651,-0.291473,1.342075,-12.4960
56.6250,-0.350218,-0.291006,1.341658,-12.4874
56.6570,-0.348741,-0.290198,1.341923,-12.4520
56.6720,-0.347377,-0.289644,1.341838,-12.3570
56.6880,-0.346675,-0.289368,1.341201,-12.2338
56.7190,-0.345369,-0.288913,1.340893,-12.0928
56.7350,-0.343714,-0.288443,1.341086,-11.9860
56.7500,-0.342849,-0.288050,1.340210,-11.8746
56.7660,-0.341623,-0.287625,1.340112,-11.8328
56.7970,-0.340570,-0.287178,1.339630,-11.7721
56.8130,-0.339328,-0.286802,1.339451,-11.7763
56.8290,-0.338133,-0.286420,1.339307,-11.7401
56.8440,-0.336660,-0.285938,1.339143,-11.7444
56.8750,-0.335436,-0.285507,1.339017,-11.7218
56.8910,-0.334204,-0.285014,1.338867,-11.6991
56.9070,-0.332977,-0.284527,1.338651,-11.7087
56.9380,-0.331710,-0.284248,1.337776,-11.7717
56.9540,-0.330401,-0.284024,1.338076,-11.9329
56.9690,-0.329225,-0.282989,1.338930,-12.1501
57.0000,-0.328013,-0.282467,1.339083,-12.4045
57.0160,-0.326862,-0.282348,1.338212,-12.5631
57.0320,-0.325608,-0.281827,1.338323,-12.7295
57.0470,-0.323896,-0.281144,1.338003,-12.8305
57.0790,-0.323166,-0.280853,1.337270,-12.8755
57.0940,-0.322037,-0.280354,1.336812,-12.9005
57.1100,-0.320376,-0.279640,1.337128,-13.0465
57.1250,-0.319360,-0.279002,1.336950,-13.2307
57.1570,-0.318103,-0.278323,1.335904,-13.3729
57.1720,-0.317717,-0.278020,1.334826,-13.6128
57.1880,-0.316664,-0.277676,1.333853,-13.5347
57.2190,-0.315438,-0.276454,1.334439,-13.5390
57.2350,-0.314488,-0.275850,1.333930,-13.5144
57.2500,-0.313481,-0.275267,1.332872,-13.3578
57.2660,-0.312599,-0.274685,1.332359,-13.3975
57.2970,-0.312144,-0.274401,1.332127,-13.4357
57.3130,-0.311113,-0.273894,1.331265,-13.4843
57.3290,-0.309895,-0.272631,1.332014,-13.5331
57.3600,-0.308878,-0.272162,1.331448,-13.5046
57.3910,-0.307817,-0.271502,1.331096,-13.6226
57.3910,-0.306771,-0.270840,1.330737,-13.7715
57.4070,-0.305574,-0.270238,1.330037,-13.9265
57.4380,-0.304422,-0.269656,1.329497,-14.0564
57.4540,-0.303281,-0.269118,1.328878,-14.0305
57.4690,-0.302129,-0.268507,1.328297,-14.1321
57.4850,-0.300971,-0.267907,1.327635,-14.1551
57.5160,-0.299832,-0.267220,1.327076,-14.1958
57.5320,-0.298669,-0.266639,1.326362,-14.2554
57.5470,-0.297637,-0.266030,1.325898,-14.1751
57.5790,-0.296564,-0.265347,1.325467,-14.1747
57.5940,-0.295421,-0.263473,1.327399,-14.2257
57.6100,-0.294313,-0.262648,1.327054,-14.2177
57.6250,-0.293177,-0.261587,1.327290,-14.3671
57.6570,-0.292008,-0.260753,1.327145,-14.6052
57.6720,-0.290842,-0.260029,1.326917,-14.8437
57.6880,-0.289661,-0.259451,1.326716,-15.1836
57.7040,-0.288476,-0.258973,1.326561,-15.5284
57.7350,-0.287309,-0.258466,1.326401,-15.7501
57.7500,-0.286474,-0.259263,1.325805,-15.8039
57.7660,-0.285328,-0.259348,1.324733,-15.8302
57.7970,-0.284259,-0.258868,1.324798,-15.8051
57.8130,-0.283184,-0.258466,1.324657,-15.8281
57.8290,-0.282253,-0.258226,1.324440,-15.7249
57.8440,-0.281337,-0.257977,1.324199,-15.7902
57.8750,-0.280381,-0.257706,1.323714,-15.9394
57.8910,-0.279362,-0.257405,1.323488,-16.2133
57.9070,-0.278323,-0.257137,1.323291,-16.5421
57.9380,-0.277378,-0.256847,1.323075,-16.8599
57.9540,-0.276520,-0.256469,1.322684,-17.0052
57.9690,-0.275670,-0.255926,1.322598,-17.0972
57.9850,-0.274806,-0.255513,1.322448,-17.2996
58.0160,-0.273915,-0.255201,1.322167,-17.4883
58.0320,-0.272966,-0.254964,1.321827,-17.8440
58.0470,-0.271992,-0.254773,1.321515,-18.2007
58.0790,-0.271052,-0.254573,1.321324,-18.4935
58.0940,-0.269757,-0.253856,1.320795,-18.4918
58.1100,-0.268909,-0.253406,1.320583,-18.4417
58.1250,-0.268037,-0.252945,1.320444,-18.4056
58.1570,-0.267091,-0.252606,1.319877,-18.2642
58.1720,-0.266130,-0.252158,1.319492,-18.2487
58.1880,-0.265306,-0.251914,1.318877,-18.1466
58.2040,-0.264299,-0.251505,1.318720,-18.0391
58.2350,-0.263364,-0.251118,1.318790,-18.0952
58.2500,-0.262448,-0.250922,1.318130,-18.0190
58.2660,-0.261470,-0.250496,1.318214,-18.1478
58.2820,-0.260510,-0.250279,1.317514,-18.2374
58.3130,-0.259491,-0.250003,1.317348,-18.2018
58.3290,-0.258328,-0.249770,1.316904,-18.1703
58.3600,-0.257349,-0.249397,1.316778,-18.2432
58.3750,-0.256366,-0.249126,1.316301,-18.2821
58.3910,-0.255411,-0.248781,1.315977,-18.2302
58.4070,-0.254553,-0.248432,1.315522,-18.1476
58.4220,-0.253627,-0.248064,1.315252,-18.0396
58.4540,-0.252722,-0.247690,1.314656,-17.9359
58.4690,-0.251639,-0.247208,1.314433,-17.8887
58.4850,-0.250575,-0.246880,1.314064,-17.8924
58.5160,-0.249491,-0.246592,1.313662,-17.9049
58.5320,-0.248434,-0.246267,1.313104,-17.8722
58.5470,-0.247409,-0.246125,1.312230,-17.7263
58.5630,-0.246384,-0.245966,1.311398,-17.6115
58.5940,-0.245014,-0.245077,1.311785,-17.7715
58.6100,-0.243904,-0.244538,1.311563,-17.9708
58.6250,-0.242624,-0.243909,1.310998,-18.0966
58.6570,-0.241503,-0.243330,1.310768,-18.3356
58.6720,-0.240368,-0.242751,1.310449,-18.5425
58.6880,-0.239220,-0.242173,1.310045,-18.7026
58.7190,-0.238099,-0.241800,1.309542,-18.7099
58.7350,-0.236910,-0.241286,1.308979,-18.7332
58.7500,-0.235722,-0.240874,1.308465,-18.8747
58.7660,-0.234439,-0.240336,1.308182,-19.0089
58.7970,-0.233184,-0.239880,1.307622,-19.0626
58.8130,-0.231955,-0.239792,1.306731,-19.1180
58.8290,-0.230490,-0.239239,1.306467,-19.3293
58.8440,-0.229147,-0.238872,1.305709,-19.5064
58.8750,-0.227704,-0.238340,1.305453,-19.7167
58.8910,-0.226397,-0.238074,1.304973,-19.9363
58.9070,-0.225064,-0.237548,1.304506,-20.1415
58.9220,-0.223743,-0.237175,1.303525,-20.2385
58.9540,-0.222420,-0.236829,1.302493,-20.3679
58.9690,-0.220973,-0.236152,1.302260,-20.4698
58.9850,-0.219597,-0.235579,1.301992,-20.7337
59.0160,-0.218249,-0.234987,1.301745,-21.0342
59.0320,-0.217020,-0.234446,1.301122,-21.2009
59.0470,-0.215728,-0.233900,1.300323,-21.3008
59.0630,-0.214451,-0.233462,1.299569,-21.3703
59.0940,-0.213129,-0.233089,1.298904,-21.3665
59.1100,-0.211793,-0.232771,1.298297,-21.3336
59.1410,-0.210486,-0.232480,1.297737,-21.3188
59.1570,-0.209246,-0.233343,1.296767,-21.1633
59.1720,-0.208012,-0.233241,1.296177,-21.1570
59.1880,-0.206804,-0.233137,1.295595,-21.1029
59.2040,-0.205616,-0.233050,1.295073,-21.0135
59.2350,-0.204408,-0.233027,1.294596,-20.9981
59.2500,-0.203195,-0.233135,1.294090,-21.0540
59.2660,-0.201962,-0.233343,1.293537,-21.0872
59.2820,-0.200677,-0.233610,1.292969,-21.0319
59.3130,-0.199344,-0.233931,1.292361,-20.9296
59.3290,-0.198012,-0.234309,1.291721,-20.8148
59.3440,-0.196648,-0.234724,1.291100,-20.6854
59.3750,-0.195261,-0.235154,1.290430,-20.5652
59.3910,-0.191807,-0.233562,1.294603,-20.5129
59.4070,-0.190144,-0.233930,1.294408,-20.5958
59.4220,-0.188481,-0.234376,1.294164,-20.4912
59.4540,-0.186769,-0.234867,1.293803,-20.2647
59.4690,-0.185090,-0.235258,1.293658,-20.2705
59.4850,-0.183377,-0.235712,1.293405,-20.2955
59.5160,-0.181637,-0.236210,1.292665,-20.2758
59.5320,-0.179995,-0.236585,1.292448,-20.2804
59.5470,-0.178319,-0.237096,1.291868,-20.1627
59.5790,-0.176606,-0.237655,1.291292,-20.0897
59.5940,-0.174800,-0.238233,1.291036,-20.1177
59.6100,-0.173010,-0.238976,1.290574,-20.2362
59.6250,-0.171140,-0.239837,1.289987,-20.3102
59.6570,-0.169039,-0.240741,1.289079,-20.4150
59.6720,-0.166859,-0.241543,1.288620,-20.2729
59.6880,-0.164490,-0.242357,1.287922,-20.3053
59.7040,-0.162174,-0.243393,1.287222,-20.3504
59.7350,-0.159867,-0.244512,1.286402,-20.1097
59.7500,-0.157712,-0.245539,1.285918,-19.8601
59.7660,-0.155667,-0.246532,1.285633,-19.5548
59.7820,-0.153689,-0.247561,1.285386,-19.2863
59.8130,-0.151471,-0.248033,1.286314,-19.1761
59.8290,-0.149573,-0.249640,1.286245,-18.9731
59.8440,-0.147654,-0.250996,1.285831,-18.6362
59.8750,-0.145649,-0.252340,1.285285,-18.3543
59.8910,-0.143564,-0.253625,1.284620,-18.3571
59.9070,-0.142469,-0.254290,1.284106,-18.4955
59.9220,-0.139410,-0.255106,1.284293,-18.7795
59.9540,-0.137228,-0.256144,1.283633,-18.7317
59.9690,-0.135153,-0.257343,1.283230,-18.8862
59.9850,-0.133594,-0.257885,1.283349,-19.1918
60.0160,-0.131952,-0.258786,1.283195,-19.4072
60.0320,-0.130302,-0.259709,1.282921,-19.6238
60.0470,-0.128687,-0.260656,1.282635,-19.8743
60.0790,-0.127084,-0.261587,1.282277,-20.0859
60.0940,-0.125516,-0.262520,1.281889,-20.2952
60.1100,-0.123992,-0.263446,1.281485,-20.4916
60.1250,-0.122540,-0.264370,1.281108,-20.6556
60.1570,-0.121356,-0.266120,1.280570,-20.6807
60.1720,-0.120038,-0.267513,1.279989,-20.6281
60.1880,-0.118741,-0.268889,1.279428,-20.3631
60.2040,-0.117579,-0.268869,1.280806,-20.5008
60.2350,-0.116269,-0.269715,1.280799,-20.6640
60.2500,-0.114901,-0.270539,1.280614,-20.8036
60.2660,-0.113550,-0.271415,1.280486,-20.9343
60.2820,-0.112225,-0.272255,1.280534,-20.9594
60.3130,-0.110901,-0.273138,1.280446,-20.8533
60.3290,-0.109498,-0.274121,1.280381,-20.7275
60.3440,-0.108112,-0.275151,1.279922,-20.4524
60.3750,-0.106686,-0.276042,1.279986,-20.2831
60.3910,-0.105311,-0.276964,1.280241,-20.2981
60.4070,-0.104007,-0.278073,1.280253,-20.3464
60.4220,-0.102735,-0.279107,1.280527,-20.4862
60.4540,-0.101445,-0.280349,1.280426,-20.4203
60.4690,-0.100148,-0.281565,1.280287,-20.3546
60.4850,-0.098860,-0.282753,1.280102,-20.4873
60.5160,-0.097540,-0.284025,1.279728,-20.5986
60.5320,-0.096209,-0.285253,1.279498,-20.7254
60.5470,-0.094936,-0.286539,1.279237,-20.8981
60.5630,-0.093623,-0.287967,1.278844,-21.0444
60.5940,-0.092315,-0.289395,1.278273,-20.9276
60.6100,-0.093624,-0.292939,1.279063,-20.7946
60.6250,-0.093177,-0.295005,1.279152,-20.8157
60.6410,-0.091946,-0.296382,1.278485,-20.9379
60.6720,-0.090999,-0.297936,1.278322,-21.0508
60.6880,-0.089381,-0.298791,1.277983,-21.0436
60.7040,-0.088655,-0.300642,1.276183,-20.9665
60.7350,-0.087086,-0.301143,1.277085,-20.9752
60.7500,-0.086007,-0.302410,1.277522,-21.1545
60.7660,-0.084653,-0.303441,1.276526,-21.1563
60.7820,-0.083761,-0.304901,1.276308,-21.2038
60.8130,-0.082866,-0.306464,1.276119,-21.2528
60.8290,-0.082576,-0.308757,1.274729,-21.2767
60.8440,-0.081925,-0.310563,1.273563,-21.2072
60.8750,-0.081249,-0.312092,1.272993,-21.0039
60.8910,-0.080571,-0.313712,1.272385,-20.7910
60.9070,-0.079743,-0.314660,1.271625,-20.6581
60.9220,-0.079062,-0.315799,1.271268,-20.5333
60.9540,-0.078470,-0.316981,1.271050,-20.4065
60.9690,-0.077970,-0.318434,1.270674,-20.2838
60.9850,-0.077368,-0.319453,1.270880,-20.2230
61.0160,-0.076789,-0.320550,1.270943,-20.2246
61.0320,-0.076221,-0.321706,1.270910,-20.2005
61.0470,-0.072958,-0.321052,1.275957,-20.1779
61.0630,-0.072161,-0.322458,1.277538,-20.0522
61.0940,-0.071500,-0.324007,1.278204,-19.8410
61.1100,-0.070572,-0.325261,1.278133,-19.6212
61.1250,-0.070065,-0.326850,1.278452,-19.4659
61.1410,-0.069293,-0.328299,1.278729,-19.3568
61.1720,-0.068548,-0.329814,1.278974,-19.2639
61.1880,-0.068170,-0.332201,1.277638,-19.1371
61.2040,-0.067435,-0.333869,1.277649,-19.0404
61.2350,-0.066729,-0.334955,1.278568,-19.0528
61.2500,-0.065987,-0.336542,1.278660,-19.0481
61.2660,-0.065232,-0.338129,1.278720,-19.0298
61.2820,-0.063736,-0.339184,1.277731,-19.0660
61.3130,-0.062282,-0.340386,1.276850,-19.0450
61.3290,-0.060884,-0.341801,1.275853,-19.0286
61.3440,-0.059817,-0.342844,1.275904,-19.0161
61.3750,-0.058333,-0.344212,1.275005,-18.8265
61.3910,-0.056672,-0.345836,1.274453,-18.5112
61.4070,-0.055300,-0.347424,1.273738,-18.1728
61.4220,-0.054387,-0.348572,1.273650,-18.1786
61.4540,-0.053136,-0.349903,1.273386,-18.1699
61.4690,-0.051873,-0.351173,1.273005,-18.3101
61.4850,-0.052234,-0.356323,1.272528,-18.3103
61.5000,-0.050955,-0.357677,1.272067,-18.5464
61.5320,-0.049424,-0.358891,1.271442,-18.8084
61.5470,-0.050462,-0.356911,1.272599,-19.0753
61.5630,-0.049148,-0.357759,1.272143,-19.1422
61.5940,-0.049851,-0.362742,1.271615,-19.0143
61.6100,-0.048609,-0.363373,1.270734,-18.7321
61.6250,-0.046898,-0.361633,1.271304,-18.5764
61.6410,-0.047293,-0.365955,1.270785,-18.2114
61.6720,-0.046068,-0.366590,1.270518,-18.0123
61.6880,-0.044814,-0.367143,1.270327,-17.8775
61.7040,-0.042309,-0.366793,1.269886,-17.6450
61.7350,-0.040861,-0.367014,1.269722,-17.5182
61.7500,-0.039361,-0.367196,1.269674,-17.5394
61.7660,-0.037815,-0.367386,1.269583,-17.6839
61.7970,-0.036118,-0.366844,1.270552,-17.9587
61.8130,-0.035455,-0.366545,1.270515,-18.1964
61.8290,-0.034026,-0.367370,1.270693,-18.2339
61.8440,-0.032373,-0.368108,1.270709,-18.3760
61.8750,-0.030520,-0.368218,1.270554,-18.6321
61.8910,-0.028521,-0.368376,1.270299,-18.7945
61.9070,-0.026373,-0.368450,1.270016,-18.8025
61.9220,-0.024138,-0.368718,1.269583,-18.9076
61.9540,-0.026214,-0.372233,1.271705,-18.8812
61.9690,-0.024319,-0.372589,1.271735,-18.8814
61.9850,-0.022751,-0.373167,1.271988,-18.8073
62.0000,-0.020848,-0.377240,1.271173,-18.8743
62.0320,-0.019121,-0.377695,1.271119,-18.9755
62.0470,-0.016357,-0.377927,1.271566,-18.9535
62.0630,-0.014411,-0.378592,1.271872,-19.0319
62.0940,-0.011991,-0.379230,1.272605,-18.9689
62.1100,-0.009556,-0.382592,1.272609,-18.9918
62.1250,-0.007228,-0.383594,1.272670,-18.9147
62.1410,-0.004823,-0.384701,1.272543,-18.8687
62.1720,-0.002423,-0.385875,1.272466,-18.8149
62.1880,-0.002510,-0.379841,1.275952,-18.8256
62.2040,-0.000233,-0.380798,1.276430,-18.7936
62.2350,0.001863,-0.380723,1.277683,-18.9954
62.2500,0.004122,-0.381489,1.277846,-19.1708
62.2660,0.006314,-0.381626,1.278461,-19.5147
62.2970,0.008569,-0.381762,1.278781,-19.6201
62.3130,0.011788,-0.383099,1.278696,-19.5169
62.3290,0.014085,-0.383258,1.279234,-19.5591
62.3440,0.015236,-0.387064,1.279358,-19.6132
62.3750,0.017265,-0.387525,1.279967,-19.6023
62.3910,0.019255,-0.387940,1.280561,-19.5851
62.4070,0.020809,-0.390038,1.280638,-19.6276
62.4220,0.022770,-0.390637,1.281050,-19.7053
62.4540,0.024700,-0.391312,1.281500,-19.8979
62.4690,0.026591,-0.392081,1.281964,-20.1696
62.4850,0.028417,-0.392917,1.282364,-20.4545
62.5000,0.030188,-0.393814,1.282697,-20.7405
62.5320,0.031889,-0.394739,1.282970,-21.0046
62.5470,0.033486,-0.395663,1.283169,-21.2532
62.5630,0.031775,-0.393717,1.283914,-21.3340
62.5940,0.032859,-0.394209,1.284192,-21.5710
62.6100,0.033851,-0.394600,1.284310,-21.8110
62.6250,0.038334,-0.389334,1.291022,-22.2421
62.6410,0.038844,-0.389541,1.291801,-22.5961
62.6720,0.039767,-0.389396,1.292014,-22.7701
62.6880,0.041044,-0.388977,1.292431,-22.9134
62.7040,0.042345,-0.388442,1.292771,-23.0951
62.7350,0.043525,-0.387777,1.293035,-23.3095
62.7500,0.044499,-0.387050,1.292248,-23.5226
62.7660,0.045785,-0.386069,1.293342,-23.7283
62.7820,0.046240,-0.385768,1.292361,-23.7312
62.8130,0.046666,-0.384879,1.292505,-23.6897
62.8290,0.046803,-0.385036,1.291069,-23.6051
62.8440,0.048373,-0.383692,1.294083,-23.5047
62.8600,0.049123,-0.382982,1.293419,-23.1050
62.8910,0.049159,-0.382486,1.292412,-22.9970
62.9070,0.049266,-0.381811,1.291255,-22.9543
62.9220,0.049228,-0.380681,1.290936,-22.9427
62.9540,0.054849,-0.377436,1.290764,-22.9575
62.9690,0.054737,-0.373869,1.292515,-23.2175
63.0000,0.055065,-0.371957,1.292383,-23.3449
63.0160,0.055323,-0.369907,1.292174,-23.4863
63.0320,0.053084,-0.372239,1.291094,-23.5274
63.0470,0.053068,-0.370447,1.290017,-23.5666
63.0630,0.051289,-0.367564,1.291916,-23.7876
63.0940,0.049567,-0.366418,1.293059,-23.9922
63.1100,0.048916,-0.364489,1.292985,-24.0895
63.1410,0.048302,-0.362489,1.292721,-24.0716
63.1410,0.048848,-0.360103,1.291909,-23.8894
63.1720,0.049159,-0.357791,1.290453,-23.6707
63.1880,0.050198,-0.353740,1.288947,-23.2903
63.2040,0.049976,-0.351496,1.288647,-23.2855
63.2350,0.049624,-0.348207,1.289603,-23.4368
63.2500,0.047150,-0.349650,1.289399,-23.5533
63.2660,0.048756,-0.346219,1.288353,-23.4593
63.2970,0.047959,-0.343518,1.289349,-23.6244
63.3130,0.047991,-0.340781,1.289386,-23.5387
63.3290,0.047892,-0.338281,1.289979,-23.6255
63.3440,0.047117,-0.339496,1.290164,-23.7149
63.3750,0.046918,-0.337258,1.290814,-23.6656
63.3910,0.046693,-0.334985,1.291492,-23.5437
63.4070,0.046458,-0.331354,1.291065,-22.8090
63.4220,0.046450,-0.330121,1.291407,-22.5349
63.4540,0.046182,-0.324548,1.294830,-22.0061
63.4690,0.046410,-0.321277,1.296402,-21.7823
63.4850,0.042414,-0.322885,1.298240,-21.6276
63.5000,0.045367,-0.317477,1.298780,-21.8590
63.5320,0.044679,-0.318892,1.299085,-22.4328
63.5470,0.046704,-0.317504,1.298940,-23.0352
63.5630,0.045590,-0.317217,1.299310,-23.6526
63.5940,0.043942,-0.311232,1.303173,-24.2057
63.6100,0.046831,-0.306571,1.304083,-24.5729
63.6250,0.047555,-0.304409,1.305421,-25.1952
63.6570,0.048340,-0.302912,1.305717,-25.6570
63.6720,0.048734,-0.300879,1.306595,-26.0324
63.6880,0.049186,-0.298828,1.307415,-26.3340
63.7040,0.050528,-0.295822,1.307928,-26.6748
63.7190,0.052044,-0.294869,1.307687,-26.9234
63.7500,0.052739,-0.292858,1.307951,-27.3712
63.7660,0.053563,-0.290796,1.308246,-27.6139
63.7820,0.054221,-0.288953,1.308751,-27.8314
63.8130,0.054664,-0.286546,1.309977,-28.0516
63.8290,0.055461,-0.284578,1.310636,-28.1219
63.8440,0.056483,-0.282810,1.311283,-28.4010
63.8600,0.057445,-0.281043,1.311517,-28.7287
63.8910,0.058447,-0.279325,1.311702,-29.0566
63.9070,0.060357,-0.276746,1.311424,-29.3023
63.9220,0.061363,-0.274678,1.311828,-29.5202
63.9380,0.062366,-0.272535,1.312281,-29.7470
63.9690,0.063784,-0.270864,1.312704,-30.0749
63.9850,0.064755,-0.268767,1.313001,-30.3668
64.0000,0.065613,-0.266664,1.313375,-30.6712
64.0320,0.066499,-0.264473,1.313809,-30.9648
64.0470,0.067427,-0.262197,1.314138,-31.3394
64.0630,0.068370,-0.259860,1.314338,-31.7379
64.0940,0.069363,-0.257416,1.314539,-32.1495
64.1100,0.070425,-0.254714,1.314781,-32.6367
64.1250,0.073340,-0.255543,1.311324,-32.7176
64.1410,0.074836,-0.253337,1.310612,-32.9464
64.1720,0.076378,-0.250966,1.310110,-33.2787
64.1880,0.080413,-0.247202,1.311133,-33.7459
64.2040,0.082180,-0.244246,1.311615,-34.2759
64.2350,0.084094,-0.241338,1.312333,-34.7859
64.2500,0.085629,-0.237968,1.312143,-35.2264
64.2660,0.087305,-0.234675,1.312617,-35.6816
64.2820,0.087323,-0.228348,1.314317,-36.4814
64.3130,0.089472,-0.226300,1.314272,-37.1750
64.3290,0.091290,-0.220764,1.314506,-38.0035
64.3440,0.093208,-0.217229,1.314047,-38.5378
64.3600,0.095002,-0.213163,1.314078,-39.0216
64.3910,0.096524,-0.207836,1.314887,-39.6127
64.4070,0.100076,-0.203588,1.314099,-39.9563
64.4220,0.102089,-0.198917,1.313738,-40.4762
64.4540,0.104201,-0.194028,1.313256,-40.9076
64.4690,0.104794,-0.189582,1.313978,-41.3875
64.4850,0.106907,-0.184343,1.314517,-41.6875
64.5000,0.108905,-0.178852,1.315220,-42.5435
64.5320,0.110908,-0.173123,1.316074,-43.5213
64.5470,0.113393,-0.167101,1.316817,-43.6515
64.5630,0.117515,-0.162086,1.316805,-44.1149
64.5790,0.120651,-0.157702,1.315979,-44.1106
64.6100,0.123674,-0.152853,1.315050,-43.8752
64.6250,0.126518,-0.147592,1.314157,-43.9863
64.6410,0.129082,-0.142077,1.313603,-44.2165
64.6720,0.131358,-0.136289,1.313450,-44.6042
64.6880,0.133529,-0.130205,1.313296,-45.1812
64.7040,0.135639,-0.123935,1.313089,-45.4974
64.7190,0.136808,-0.115398,1.316008,-45.7821
64.7500,0.138667,-0.108046,1.317408,-46.1959
64.7660,0.140499,-0.100879,1.317816,-46.5688
64.7820,0.141301,-0.093894,1.319187,-46.9424
64.8130,0.144095,-0.088252,1.319453,-47.2397
64.8290,0.146309,-0.081175,1.320012,-47.7368
64.8440,0.147624,-0.074083,1.319265,-48.2528
64.8600,0.148787,-0.066925,1.319852,-48.7630
64.8910,0.150056,-0.059812,1.320186,-49.0990
64.9070,0.153481,-0.052347,1.320789,-49.2516
64.9220,0.154950,-0.045190,1.319436,-49.2201
64.9380,0.157753,-0.038141,1.322571,-49.7943
64.9690,0.159655,-0.031384,1.324414,-50.4596
64.9850,0.161432,-0.024802,1.325661,-51.0614
65.0160,0.163929,-0.018026,1.325405,-51.3763
65.0320,0.165903,-0.011308,1.326102,-51.5495
65.0470,0.167704,-0.005098,1.326765,-51.7431
65.0790,0.169377,0.000925,1.327428,-52.0299
65.0940,0.171792,0.006051,1.328110,-52.4331
65.1100,0.173608,0.011497,1.328792,-52.5218
65.1410,0.175386,0.016756,1.329417,-52.6192
65.1570,0.177456,0.021514,1.329859,-52.8157
65.1720,0.182511,0.030583,1.327452,-52.4785
65.1880,0.183955,0.035490,1.328589,-52.3995
65.2040,0.184925,0.039451,1.328320,-52.3943
65.2350,0.186415,0.044004,1.330081,-52.5214
65.2500,0.188101,0.048255,1.331224,-52.3059
65.2660,0.189043,0.051808,1.331553,-51.9388
65.2820,0.189879,0.055698,1.331900,-51.5888
65.3130,0.189946,0.058746,1.331595,-51.3860
65.3290,0.190825,0.062582,1.334608,-51.7967
65.3440,0.191064,0.066149,1.336001,-52.0990
65.3600,0.191038,0.069205,1.335124,-52.2005
65.3910,0.191273,0.072455,1.334897,-52.1805
65.4070,0.192738,0.075306,1.336326,-52.1549
65.4220,0.193316,0.078393,1.336399,-52.0841
65.4380,0.194148,0.081370,1.337207,-52.4696
65.4690,0.194705,0.084425,1.337720,-53.0629
65.4850,0.195104,0.087527,1.337954,-53.5094
65.5160,0.195666,0.090599,1.337945,-53.7684
65.5320,0.197299,0.094571,1.335037,-53.7353
65.5470,0.197916,0.097405,1.332704,-53.7863
65.5630,0.198293,0.100196,1.330737,-54.0745
65.5790,0.198834,0.102723,1.329766,-54.3726
65.6100,0.199145,0.105574,1.328249,-54.7880
65.6250,0.205944,0.108939,1.329000,-55.7558
65.6410,0.209396,0.110782,1.328278,-56.3679
65.6720,0.212046,0.113848,1.327768,-56.7345
65.6880,0.212054,0.119011,1.328139,-56.6738
65.7040,0.213768,0.121530,1.328390,-57.0067
65.7350,0.215243,0.123904,1.328418,-57.3484
65.7500,0.215367,0.127262,1.328551,-57.5645
65.7660,0.217098,0.129974,1.328215,-57.7445
65.7820,0.218263,0.133736,1.328609,-57.3710
65.8130,0.219985,0.136403,1.328880,-57.3051
65.8290,0.221103,0.139294,1.329817,-57.5406
65.8440,0.221945,0.141947,1.330369,-58.3369
65.8600,0.222731,0.144553,1.330720,-59.0146
65.8910,0.223809,0.147060,1.330934,-59.1882
65.9070,0.225204,0.149442,1.331074,-58.8298
65.9220,0.226689,0.151800,1.331142,-58.4257
65.9380,0.228014,0.154157,1.331167,-58.1696
65.9690,0.229332,0.155316,1.332199,-57.8696
65.9850,0.230325,0.157464,1.332149,-57.9140
66.0000,0.231313,0.159606,1.331852,-57.9395
66.0320,0.223643,0.157393,1.329900,-58.0680
66.0470,0.224177,0.159234,1.329386,-58.0979
66.0630,0.225597,0.160577,1.328898,-57.8361
66.0940,0.226586,0.162580,1.328558,-57.7450
66.1100,0.227673,0.164550,1.328056,-57.6878
66.1410,0.228369,0.166715,1.327507,-58.0599
66.1410,0.229109,0.168767,1.327157,-58.1180
66.1720,0.229965,0.170718,1.326888,-58.4102
66.1880,0.230660,0.172809,1.326727,-58.4329
66.2040,0.231385,0.175010,1.326411,-58.6802
66.2190,0.232235,0.177262,1.326120,-58.8875
66.2500,0.233069,0.179423,1.325799,-58.9529
66.2660,0.234150,0.181637,1.325771,-59.0985
66.2820,0.235179,0.183855,1.325523,-59.3349
66.3130,0.236104,0.186109,1.325054,-59.5255
66.3440,0.237167,0.188371,1.325032,-59.7594
66.3440,0.239171,0.189310,1.324458,-59.6999
66.3600,0.240097,0.191371,1.324133,-60.0006
66.3910,0.241100,0.193418,1.323655,-60.1691
66.4070,0.237074,0.194099,1.323571,-60.1780
66.4220,0.236677,0.195060,1.323513,-60.1088
66.4380,0.237489,0.196680,1.323626,-60.1304
66.4690,0.239097,0.198148,1.323331,-59.9926
66.4850,0.240625,0.200085,1.323016,-59.8994
66.5000,0.241320,0.202179,1.322799,-59.9891
66.5320,0.241886,0.204283,1.322708,-60.1819
66.5470,0.248868,0.212547,1.323927,-60.5174
66.5630,0.250243,0.212525,1.323084,-60.5525
66.5790,0.251801,0.215020,1.323788,-60.6957
66.6100,0.253283,0.217399,1.323622,-60.5960
66.6250,0.255356,0.219395,1.323717,-60.6998
66.6410,0.254760,0.218574,1.323720,-60.7551
66.6720,0.256286,0.220482,1.324569,-60.9690
66.6880,0.257437,0.222387,1.324883,-61.0146
66.7040,0.262476,0.227667,1.324854,-61.1143
66.7350,0.263903,0.229630,1.325037,-61.1089
66.7500,0.264717,0.228508,1.324220,-60.8129
66.7660,0.265743,0.230589,1.324799,-60.7509
66.7820,0.265597,0.230045,1.324239,-60.4727
66.7970,0.266724,0.231414,1.324360,-60.3690
66.8290,0.271968,0.236570,1.325599,-60.3746
66.8440,0.274055,0.238778,1.326348,-60.3734
66.8600,0.275327,0.240790,1.326422,-60.4214
66.8910,0.274151,0.238791,1.326273,-60.3300
66.9070,0.274443,0.238615,1.325651,-60.3223
66.9220,0.274969,0.240976,1.326979,-60.4307
66.9380,0.276093,0.242442,1.327139,-60.3770
66.9690,0.277162,0.243878,1.327204,-60.4401
67.0000,0.278457,0.245382,1.327833,-60.7041
67.0160,0.283103,0.250309,1.327720,-60.8996
67.0320,0.284928,0.252076,1.328460,-60.8088
67.0470,0.283440,0.249156,1.327897,-60.6667
67.0630,0.284413,0.249235,1.327644,-60.3339
67.0940,0.286051,0.250998,1.327782,-60.3049
67.1100,0.287560,0.252771,1.327814,-60.4142
67.1250,0.289056,0.254523,1.327839,-60.5223
67.1410,0.290658,0.256214,1.327855,-60.4759
67.1720,0.290845,0.255040,1.327340,-60.1011
67.1880,0.291838,0.255568,1.326775,-59.8044
67.2040,0.292894,0.256394,1.326183,-59.6953
67.2190,0.293277,0.258397,1.326017,-59.6694
67.2500,0.294138,0.259302,1.326082,-59.2240
67.2660,0.295141,0.260428,1.326241,-58.7968
67.2820,0.296196,0.261491,1.325949,-58.9397
67.3130,0.297387,0.262696,1.325417,-58.9730
67.3290,0.304640,0.265493,1.326982,-59.1468
67.3440,0.305960,0.265133,1.326332,-59.3549
67.3750,0.309489,0.265484,1.325966,-59.8574
67.3910,0.308775,0.268177,1.326191,-60.1547
67.4070,0.310719,0.269991,1.325823,-60.9136
67.4220,0.309911,0.274306,1.325695,-61.4509
67.4380,0.310638,0.274838,1.325501,-61.4211
67.4690,0.310729,0.273479,1.325798,-61.3666
67.4850,0.311624,0.274646,1.325333,-61.4301
67.5000,0.312906,0.275462,1.324684,-61.4831
67.5320,0.313501,0.274971,1.324461,-61.7319
67.5470,0.314694,0.275641,1.324153,-61.9017
67.5630,0.316454,0.276672,1.324402,-62.1241
67.5790,0.315450,0.274527,1.323531,-62.0965
67.6100,0.316703,0.275150,1.323010,-62.0362
67.6250,0.317863,0.275805,1.322518,-62.0514
67.6410,0.318195,0.275900,1.323130,-61.6092
67.6720,0.322511,0.279934,1.323029,-62.0157
67.6880,0.323838,0.280782,1.322812,-62.1102
67.7040,0.325247,0.281623,1.322466,-62.0904
67.7190,0.326125,0.282910,1.321869,-62.2012
67.7500,0.326791,0.282916,1.322353,-62.4961
67.7660,0.326906,0.282350,1.322438,-62.8663
67.7820,0.327219,0.280279,1.321905,-63.0490
67.8130,0.329284,0.282394,1.322019,-63.4700
67.8290,0.329740,0.284535,1.322554,-63.9198
67.8440,0.331799,0.282835,1.322731,-64.2146
67.8600,0.332470,0.282619,1.322701,-64.2712
67.8750,0.331842,0.285196,1.323406,-64.5770
67.9070,0.329361,0.282109,1.323699,-64.6911
67.9220,0.329562,0.282276,1.323944,-64.9354
67.9380,0.329765,0.282384,1.324142,-65.1149
67.9690,0.330033,0.282433,1.324207,-65.1387
67.9850,0.330329,0.282427,1.324107,-65.0520
68.0000,0.330578,0.282400,1.323896,-64.9769
68.0320,0.330726,0.282383,1.323670,-64.9961
68.0470,0.334627,0.286107,1.325218,-65.1806
68.0790,0.335085,0.286572,1.325196,-65.3537
68.0940,0.335551,0.287093,1.325163,-65.5316
68.1100,0.336092,0.287611,1.325161,-65.6859
68.1250,0.335659,0.286923,1.326000,-65.9471
68.1410,0.336102,0.287264,1.326420,-66.1068
68.1720,0.336239,0.287201,1.326758,-66.1434
68.1880,0.336277,0.287302,1.326841,-66.2098
68.2040,0.335468,0.284538,1.326566,-66.1096
68.2190,0.335937,0.287541,1.326996,-66.2415
68.2500,0.335965,0.288062,1.327114,-66.2472
68.2660,0.335951,0.288524,1.327418,-66.3091
68.2820,0.332001,0.284773,1.328646,-66.1026
68.3130,0.329913,0.283051,1.328307,-65.8817
68.3290,0.328561,0.282368,1.327589,-65.7708
68.3440,0.327117,0.282462,1.328683,-65.9082
68.3600,0.325752,0.282003,1.328593,-65.9192
68.3910,0.324657,0.281666,1.329542,-65.8894
68.4070,0.323541,0.281245,1.330172,-65.7964
68.4220,0.323564,0.282114,1.329376,-65.5886
68.4540,0.322409,0.281861,1.329404,-65.4289
68.4690,0.321223,0.281600,1.329398,-65.1912
68.4850,0.320912,0.282085,1.329444,-64.8249
68.5000,0.324104,0.286741,1.329590,-64.8715
68.5320,0.323891,0.287820,1.329792,-64.8950
68.5470,0.322954,0.287974,1.330033,-64.8594
68.5630,0.319938,0.285348,1.331093,-64.3965
68.5790,0.320787,0.287121,1.331409,-63.8888
68.6100,0.320226,0.287104,1.331727,-63.3265
68.6250,0.319252,0.286763,1.331769,-62.9066
68.6410,0.318118,0.286337,1.332160,-62.7066
68.6720,0.316785,0.285859,1.332466,-62.6626
68.6880,0.315328,0.285258,1.332807,-62.6059
68.7040,0.313690,0.284522,1.333049,-62.4923
68.7350,0.312243,0.280681,1.332834,-62.2073
68.7500,0.311963,0.279922,1.332940,-61.7548
68.7660,0.308129,0.279659,1.333967,-61.2547
68.7820,0.307284,0.277612,1.333894,-60.7917
68.8130,0.306635,0.278139,1.333853,-60.5793
68.8290,0.304772,0.276796,1.333831,-60.4995
68.8440,0.302621,0.275228,1.333555,-60.5438
68.8600,0.300320,0.273421,1.332931,-60.5171
68.8910,0.298043,0.271538,1.332020,-60.3296
68.9070,0.295885,0.269723,1.331122,-60.0305
68.9220,0.290401,0.266574,1.332467,-59.0707
68.9380,0.287074,0.265225,1.332968,-58.1198
68.9690,0.283725,0.263569,1.333371,-58.0043
68.9850,0.280417,0.262355,1.333888,-57.7556
69.0000,0.277499,0.260803,1.333997,-57.7457
69.0320,0.274105,0.259317,1.334417,-57.4345
69.0470,0.271187,0.257471,1.334521,-57.0982
69.0630,0.268351,0.255671,1.334746,-56.6517
69.0790,0.273451,0.258647,1.336106,-56.3616
69.1100,0.271212,0.257438,1.337138,-56.0821
69.1250,0.266844,0.253654,1.338286,-55.5056
69.1410,0.263633,0.251342,1.338753,-55.3928
69.1720,0.260903,0.249953,1.339079,-55.1975
69.1880,0.258253,0.248580,1.339441,-54.8702
69.2040,0.255713,0.247229,1.340001,-54.3949
69.2190,0.253178,0.245809,1.340746,-53.8649
69.2500,0.253971,0.248788,1.342838,-53.5108
69.2660,0.251356,0.246562,1.343901,-53.2387
69.2820,0.248637,0.244909,1.344609,-52.9324
69.2970,0.245997,0.244059,1.345630,-52.7361
69.3290,0.243737,0.242760,1.346473,-52.5791
69.3440,0.241172,0.239967,1.347368,-52.0680
69.3750,0.239069,0.238781,1.347961,-51.6143
69.3910,0.236824,0.237517,1.348993,-51.1968
69.4070,0.232502,0.232632,1.349868,-50.9101
69.4220,0.229479,0.231772,1.350772,-50.4510
69.4540,0.227033,0.230104,1.351402,-50.2471
69.4690,0.224639,0.228349,1.351844,-50.0691
69.4850,0.222316,0.226561,1.352001,-49.9058
69.5000,0.220111,0.224740,1.352031,-49.6491
69.5320,0.218009,0.222834,1.352147,-49.2392
69.5470,0.215887,0.220819,1.352421,-48.8142
69.5630,0.214828,0.217414,1.353915,-48.7054
69.5790,0.212588,0.214702,1.354800,-48.9054
69.6100,0.210261,0.212153,1.356031,-48.8552
69.6250,0.207740,0.209743,1.356406,-48.9792
69.6570,0.205503,0.207058,1.357665,-48.8203
69.6720,0.203148,0.204478,1.358089,-48.8126
69.6880,0.200862,0.201856,1.358545,-48.8024
69.7040,0.198699,0.199171,1.359656,-48.5289
69.7350,0.196057,0.196211,1.360131,-48.5530
69.7500,0.191155,0.196399,1.362121,-48.6382
69.7660,0.188754,0.194119,1.363098,-48.6335
69.7820,0.185688,0.190984,1.364762,-48.7444
69.8130,0.183281,0.188629,1.366344,-48.8427
69.8290,0.180929,0.186503,1.367915,-48.7938
69.8440,0.178545,0.184065,1.370392,-48.9892
69.8600,0.175757,0.180421,1.372799,-48.6891
69.8750,0.173456,0.178389,1.374477,-48.4824
69.9070,0.171042,0.176549,1.376367,-48.4790
69.9220,0.168723,0.174765,1.377928,-48.6185
69.9380,0.166418,0.172070,1.380463,-48.6227
69.9690,0.164103,0.168780,1.382793,-48.4284
69.9850,0.161986,0.167081,1.384994,-48.5141
70.0160,0.160600,0.166090,1.386884,-48.7034
70.0320,0.157985,0.165661,1.390011,-48.6802
70.0470,0.156219,0.164374,1.392470,-48.6324
70.0630,0.155243,0.163700,1.393858,-48.7056
70.0940,0.152772,0.161976,1.397633,-48.7140
70.1100,0.151541,0.160877,1.400850,-48.4712
70.1250,0.150149,0.159830,1.403756,-48.3517
70.1410,0.148582,0.158856,1.406709,-48.4932
70.1570,0.139503,0.149476,1.412646,-48.5915
70.1880,0.138306,0.148587,1.414327,-48.6318
70.2040,0.135954,0.146884,1.418074,-48.7109
70.2190,0.133461,0.144792,1.421157,-48.4601
70.2500,0.130938,0.143123,1.424991,-48.5805
70.2660,0.128406,0.141428,1.428224,-48.5450
70.2820,0.125814,0.139597,1.431250,-48.5905
70.3130,0.123312,0.137808,1.434010,-48.4731
70.3290,0.120893,0.136073,1.436648,-48.2204
70.3440,0.118628,0.134485,1.440043,-48.1815
70.3750,0.117067,0.133954,1.442069,-48.0735
70.3750,0.115022,0.132944,1.444246,-47.8845
70.4070,0.112724,0.131722,1.446280,-47.5756
70.4220,0.111020,0.130720,1.449907,-47.6406
70.4380,0.109262,0.129802,1.452461,-47.4554
70.4690,0.107318,0.128640,1.455010,-47.0860
70.4850,0.105122,0.127271,1.457505,-46.9989
70.5000,0.102893,0.125937,1.459543,-46.7318
70.5160,0.100554,0.124560,1.461642,-46.7996
70.5470,0.097986,0.123021,1.464042,-47.0500
70.5630,0.095583,0.121635,1.465554,-46.9842
70.5790,0.093273,0.120179,1.466917,-46.9259
70.6100,0.090993,0.118690,1.468444,-46.9502
70.6250,0.088740,0.117200,1.470143,-47.0312
70.6410,0.086521,0.115774,1.471978,-47.0532
70.6720,0.084298,0.114391,1.473879,-47.0688
70.6880,0.082010,0.113009,1.475767,-47.1154
70.7040,0.082171,0.112575,1.483829,-47.3484
70.7190,0.080281,0.111345,1.486633,-47.5520
70.7350,0.078345,0.110101,1.489220,-47.6908
70.7660,0.076455,0.108830,1.491888,-47.7958
70.7820,0.074605,0.107530,1.494679,-48.0035
70.7970,0.072838,0.106297,1.497308,-48.2148
70.8290,0.070483,0.104242,1.499815,-48.1400
70.8440,0.068333,0.102489,1.502730,-47.4029
70.8600,0.066613,0.101049,1.505095,-47.1235
70.8750,0.064804,0.099426,1.507626,-47.2116
70.9070,0.062893,0.098007,1.510558,-47.4258
70.9220,0.060907,0.096485,1.513367,-47.6512
70.9380,0.058878,0.094856,1.515730,-47.6573
70.9690,0.056850,0.093187,1.517838,-47.5590
70.9850,0.054790,0.091454,1.519841,-47.4746
71.0000,0.052684,0.089700,1.521884,-47.4768
71.0320,0.050472,0.087873,1.524095,-47.5566
71.0470,0.048375,0.086141,1.526246,-47.6806
71.0630,0.046612,0.084324,1.529120,-48.0089
71.0790,0.044780,0.082686,1.531488,-48.3160
71.1100,0.043112,0.081105,1.533607,-48.4493
71.1250,0.041573,0.079493,1.535519,-48.4284
71.1410,0.040048,0.077822,1.537320,-48.3624
71.1570,0.038404,0.076079,1.538903,-48.2776
71.1880,0.036782,0.074312,1.540602,-48.3534
71.2040,0.034994,0.072478,1.542422,-48.4914
71.2190,0.033172,0.070663,1.544389,-48.7416
71.2500,0.025674,0.062141,1.548044,-48.7703
71.2660,0.023687,0.059901,1.549988,-48.7144
71.2820,0.021755,0.057615,1.551652,-48.5583
71.3130,0.019768,0.055325,1.553271,-48.4796
71.3290,0.017181,0.052465,1.554152,-48.2855
71.3440,0.014669,0.050085,1.556360,-48.3658
71.3750,0.012394,0.047834,1.558577,-48.7583
71.3910,0.009798,0.045149,1.559385,-48.9173
71.4070,0.007732,0.043115,1.561471,-49.0213
71.4220,0.005817,0.040988,1.562436,-48.8366
71.4540,0.004145,0.038904,1.563926,-48.5957
71.4690,0.002393,0.036780,1.565230,-48.3488
71.4850,0.000638,0.034861,1.566551,-48.2391
71.5000,-0.001262,0.033029,1.568015,-48.3071
71.5320,-0.003275,0.031241,1.569438,-48.5467
71.5470,-0.006015,0.028588,1.570606,-48.6272
71.5630,-0.007912,0.026728,1.571597,-48.5250
71.5790,-0.009794,0.024931,1.572342,-48.0989
71.6100,-0.011677,0.023156,1.573353,-47.7246
71.6250,-0.013639,0.021375,1.574779,-47.5779
71.6410,-0.015673,0.019627,1.576514,-47.6294
71.6720,-0.017601,0.017946,1.579728,-47.6619
71.6880,-0.019457,0.016255,1.581620,-47.4325
71.7040,-0.021242,0.014549,1.583428,-47.0219
71.7190,-0.023079,0.012771,1.585180,-46.5309
71.7500,-0.025038,0.010947,1.586915,-46.1574
71.7660,-0.027106,0.009143,1.588702,-45.9625
71.7820,-0.029195,0.007389,1.590597,-45.8093
71.7970,-0.031305,0.005649,1.592568,-45.5790
71.8130,-0.033499,0.004001,1.594555,-45.4679
71.8440,-0.035786,0.002445,1.596520,-45.4601
71.8600,-0.038025,0.001009,1.598454,-45.4826
71.8750,-0.040077,-0.000258,1.600391,-45.3205
71.9070,-0.042062,-0.001422,1.602538,-44.9726
71.9220,-0.043957,-0.002428,1.604670,-44.8599
71.9380,-0.045956,-0.003289,1.606651,-45.0039
71.9540,-0.047944,-0.003917,1.608309,-45.1742
71.9850,-0.049764,-0.004392,1.609695,-44.9674
72.0000,-0.051406,-0.004774,1.610942,-44.5818
72.0160,-0.052997,-0.005016,1.612103,-44.2308
72.0470,-0.055039,-0.004693,1.620616,-44.0692
72.0630,-0.056931,-0.004806,1.622402,-44.1057
72.0790,-0.058936,-0.004829,1.624168,-44.3311
72.1100,-0.060772,-0.004507,1.625690,-44.7046
72.1250,-0.062875,-0.004322,1.627804,-45.1689
72.1410,-0.064686,-0.004087,1.629661,-45.3240
72.1570,-0.066391,-0.003867,1.631191,-45.2739
72.1720,-0.067988,-0.003509,1.632433,-45.3851
72.2040,-0.069798,-0.003287,1.633524,-45.6183
72.2190,-0.071437,-0.002967,1.634462,-45.6795
72.2350,-0.072877,-0.002541,1.635451,-45.5028
72.2660,-0.082041,-0.011609,1.638877,-45.3261
72.2820,-0.083840,-0.011105,1.640822,-45.7561
72.2970,-0.085877,-0.010556,1.642548,-46.4551
72.3130,-0.087817,-0.009936,1.643092,-46.8060
72.3440,-0.089392,-0.009189,1.643548,-46.9346
72.3600,-0.090442,-0.008278,1.644355,-46.5459
72.3910,-0.091248,-0.007273,1.644832,-45.8682
72.4070,-0.092240,-0.006326,1.645294,-45.3973
72.4220,-0.093573,-0.005356,1.646529,-45.5576
72.4380,-0.095232,-0.004258,1.647438,-46.1784
72.4690,-0.096900,-0.003083,1.647802,-46.6941
72.4850,-0.098275,-0.001855,1.647995,-46.8516
72.5000,-0.099295,-0.000493,1.648471,-46.7474
72.5320,-0.100246,0.000963,1.648922,-46.6462
72.5470,-0.101277,0.002468,1.649370,-46.8385
72.5630,-0.102485,0.003997,1.649697,-47.2722
72.5790,-0.103706,0.005536,1.649766,-47.6995
72.6100,-0.104818,0.007147,1.649424,-47.8846
72.6250,-0.105797,0.008850,1.648918,-47.8448
72.6410,-0.106675,0.010659,1.648407,-47.6004
72.6570,-0.107562,0.012554,1.648017,-47.2529
72.6880,-0.108668,0.014504,1.647757,-46.8825
72.7040,-0.110234,0.016467,1.647508,-46.8156
72.7190,-0.112250,0.018554,1.647187,-47.2205
72.7500,-0.114385,0.020761,1.646859,-47.7681
72.7660,-0.116240,0.023003,1.646558,-48.0016
72.7820,-0.127095,0.013466,1.646454,-47.4753
72.7970,-0.129280,0.014893,1.645195,-46.7746
72.8290,-0.131660,0.016273,1.643485,-46.6506
72.8440,-0.134589,0.017651,1.641148,-47.0330
72.8600,-0.137485,0.018856,1.638735,-47.4374
72.8910,-0.140215,0.019877,1.636323,-47.6600
72.9070,-0.141490,0.020350,1.635093,-47.6782
72.9220,-0.143914,0.021294,1.632497,-47.5052
72.9540,-0.146372,0.022151,1.629732,-47.2635
72.9690,-0.149095,0.022833,1.626880,-47.3504
72.9850,-0.152079,0.023362,1.623893,-47.8219
73.0000,-0.155060,0.023794,1.620700,-48.3256
73.0160,-0.157767,0.024168,1.617406,-48.4905
73.0470,-0.160147,0.024508,1.614235,-48.3180
73.0630,-0.162399,0.024745,1.611245,-48.1104
73.0940,-0.164791,0.024893,1.608234,-48.0485
73.0940,-0.167409,0.025041,1.605023,-48.2418
73.1250,-0.170080,0.025259,1.601711,-48.5471
73.1410,-0.172586,0.025467,1.598507,-48.7180
73.1720,-0.174885,0.025641,1.595432,-48.6980
73.1880,-0.177085,0.025883,1.592362,-48.6010
73.2040,-0.180332,0.026259,1.587401,-48.5169
73.2190,-0.182422,0.026399,1.583571,-48.3165
73.2500,-0.184478,0.026420,1.579241,-48.0429
73.2660,-0.186583,0.026332,1.574619,-47.9232
73.2820,-0.187785,0.026253,1.572033,-47.9076
73.2970,-0.190057,0.026061,1.567320,-47.9857
73.3290,-0.192389,0.025829,1.562622,-48.1963
73.3440,-0.194671,0.025573,1.557879,-48.3507
73.3600,-0.196796,0.025266,1.552949,-48.3520
73.3750,-0.198712,0.024938,1.547787,-48.2120
73.4070,-0.200475,0.024609,1.542523,-48.1420
73.4220,-0.202164,0.024294,1.537312,-48.1387
73.4380,-0.183346,0.019444,1.559279,-48.1108
73.4690,-0.184142,0.019088,1.556187,-48.1733
73.4850,-0.184773,0.018568,1.552160,-48.0925
73.5000,-0.200974,0.043214,1.555936,-47.9946
73.5160,-0.202405,0.043207,1.552491,-47.8991
73.5470,-0.203804,0.043340,1.549040,-47.9647
73.5630,-0.205259,0.043903,1.545758,-48.2368
73.5790,-0.206504,0.044467,1.542636,-48.3868
73.6100,-0.207570,0.045005,1.539513,-48.1806
73.6250,-0.208645,0.045485,1.536443,-47.9556
73.6410,-0.209915,0.045933,1.533330,-47.9913
73.6720,-0.211288,0.046406,1.530251,-48.1720
73.6880,-0.212663,0.046893,1.527447,-48.2931
73.7040,-0.213999,0.047358,1.524808,-48.3948
73.7190,-0.215249,0.047719,1.522366,-48.5754
73.7350,-0.217995,0.045632,1.520492,-48.7313
73.7660,-0.219218,0.045634,1.517936,-48.7007
73.7820,-0.220351,0.045638,1.515362,-48.5014
73.7970,-0.221601,0.045766,1.512682,-48.4077
73.8290,-0.223006,0.045879,1.510090,-48.6685
73.8440,-0.224208,0.045959,1.508013,-48.9919
73.8600,-0.225532,0.045503,1.505890,-49.0693
73.8910,-0.226854,0.045431,1.503322,-48.8652
73.9070,-0.227901,0.045498,1.500913,-48.6894
73.9220,-0.228919,0.045496,1.498844,-48.5785
73.9380,-0.230093,0.045466,1.496459,-48.5639
73.9540,-0.231256,0.045427,1.494361,-48.5882
73.9850,-0.231367,0.044620,1.492098,-48.5806
74.0000,-0.232442,0.044495,1.489634,-48.4225
74.0160,-0.233635,0.044132,1.487395,-48.2741
74.0470,-0.234699,0.043895,1.484771,-48.1754
74.0630,-0.234757,0.043034,1.482222,-48.1141
74.0940,-0.235510,0.042607,1.479346,-48.0314
74.0940,-0.236365,0.042195,1.476512,-47.9045
74.1250,-0.237457,0.041801,1.473869,-47.8306
74.1410,-0.238621,0.041377,1.471432,-47.7924
74.1570,-0.239858,0.040896,1.468951,-47.7375
74.1880,-0.241164,0.040357,1.466275,-47.7649
74.2040,-0.242500,0.039809,1.463447,-47.8402
74.2190,-0.244761,0.038443,1.460434,-47.9614
74.2500,-0.245763,0.037884,1.458186,-47.9130
74.2660,-0.245226,0.036039,1.456535,-47.8159
74.2820,-0.246081,0.035303,1.454297,-47.6167
74.3130,-0.246387,0.034591,1.452606,-47.5075
74.3290,-0.247009,0.033839,1.450240,-47.4080
74.3440,-0.247771,0.033144,1.447738,-47.2146
74.3600,-0.248129,0.032365,1.445891,-47.0757
74.3910,-0.248772,0.031541,1.443986,-47.0214
74.4070,-0.249525,0.030664,1.441897,-46.9674
74.4220,-0.250217,0.029727,1.439639,-46.8683
74.4380,-0.251018,0.028925,1.437318,-46.7739
74.4540,-0.251532,0.028006,1.435446,-46.6257
74.4850,-0.252056,0.027168,1.433718,-46.4721
74.5000,-0.252590,0.026139,1.431883,-46.2181
74.5320,-0.253168,0.025270,1.429887,-46.0169
74.5320,-0.253928,0.024350,1.427912,-45.9133
74.5630,-0.254786,0.023492,1.425847,-45.9066
74.5790,-0.255646,0.022656,1.423746,-45.8849
74.6100,-0.256916,0.021679,1.421011,-45.8487
74.6250,-0.257904,0.020714,1.418523,-45.8796
74.6410,-0.258162,0.019760,1.417429,-46.0265
74.6720,-0.259223,0.018668,1.415414,-46.2017
74.6720,-0.260418,0.017825,1.412731,-46.2632
74.7040,-0.261205,0.017087,1.410606,-46.1627
74.7190,-0.261280,0.016352,1.409484,-45.9508
74.7350,-0.262472,0.015559,1.407080,-45.8144
74.7660,-0.263461,0.014728,1.404343,-45.7634
74.7820,-0.263660,0.013623,1.402642,-45.8379
74.7970,-0.264374,0.012621,1.400415,-45.9768
74.8290,-0.265160,0.011563,1.397750,-45.9779
74.8440,-0.266384,0.010455,1.394697,-45.8333
74.8600,-0.266978,0.009521,1.392234,-45.6821
74.8750,-0.267775,0.008779,1.389917,-45.6206
74.8910,-0.268637,0.008144,1.387591,-45.6284
74.9220,-0.268814,0.007672,1.386287,-45.4444
74.9380,-0.269462,0.007059,1.383860,-45.1427
74.9690,-0.270187,0.006330,1.381446,-44.9208
74.9850,-0.271094,0.005525,1.378966,-44.9087
75.0000,-0.272088,0.004621,1.376403,-45.0118
75.0160,-0.273019,0.003700,1.373796,-45.0368
75.0320,-0.273807,0.002831,1.371207,-44.9207
75.0630,-0.274477,0.001962,1.368716,-44.7074
75.0790,-0.275130,0.001001,1.366298,-44.5737
75.1100,-0.275822,-0.000076,1.363798,-44.5747
75.1250,-0.276265,-0.000987,1.362866,-44.6431
75.1410,-0.276862,-0.002386,1.359819,-44.6149
75.1570,-0.278239,-0.004365,1.357195,-44.3987
75.1880,-0.278627,-0.005705,1.355033,-44.1511
75.2040,-0.278706,-0.007054,1.353560,-44.0948
75.2190,-0.279330,-0.008544,1.351761,-44.2982
75.2500,-0.280012,-0.010210,1.349732,-44.4864
75.2660,-0.281619,-0.012278,1.346791,-44.5806
75.2820,-0.282070,-0.014156,1.344696,-44.4785
75.2970,-0.282491,-0.016098,1.342732,-44.3970
75.3290,-0.282886,-0.017980,1.340849,-44.3770
75.3440,-0.283131,-0.019773,1.339190,-44.1886
75.3600,-0.282656,-0.021604,1.338970,-43.7895
75.3750,-0.282683,-0.023562,1.338311,-43.5080
75.3910,-0.282956,-0.025578,1.337498,-43.4698
75.4220,-0.283311,-0.027651,1.336525,-43.5009
75.4380,-0.283483,-0.029751,1.335442,-43.4011
75.4540,-0.283370,-0.030806,1.335733,-43.0389
75.4850,-0.283218,-0.032886,1.334890,-42.6227
75.5000,-0.282893,-0.034793,1.334850,-42.3100
75.5160,-0.283024,-0.036779,1.334618,-42.1447
75.5470,-0.283317,-0.038802,1.334367,-42.0140
75.5630,-0.283724,-0.040861,1.334169,-41.9060
75.5790,-0.284272,-0.042869,1.334059,-41.8194
75.6100,-0.284839,-0.044869,1.333905,-41.7350
75.6250,-0.285447,-0.046838,1.333705,-41.5727
75.6410,-0.286076,-0.048783,1.333517,-41.3950
75.6720,-0.286939,-0.050711,1.333461,-41.3014
75.6720,-0.287973,-0.052667,1.333630,-41.2604
75.7040,-0.289069,-0.054787,1.333680,-41.2871
75.7190,-0.291712,-0.058124,1.332951,-41.4052
75.7500,-0.292291,-0.060577,1.333014,-41.4086
75.7660,-0.293376,-0.062884,1.332476,-41.3006
75.7820,-0.294220,-0.065055,1.332528,-41.1692
75.8130,-0.295210,-0.067317,1.332086,-40.9950
75.8130,-0.296084,-0.069581,1.331583,-40.7002
75.8440,-0.297027,-0.071928,1.330937,-40.4265
75.8600,-0.298104,-0.074359,1.330253,-40.2846
75.8910,-0.299269,-0.076769,1.329524,-40.2534
75.9070,-0.300456,-0.079072,1.328856,-40.2042
75.9220,-0.301593,-0.081387,1.328293,-40.1022
75.9380,-0.302658,-0.083711,1.327720,-39.9275
75.9540,-0.303670,-0.086032,1.326853,-39.6857
75.9850,-0.304642,-0.088387,1.325739,-39.3924
76.0000,-0.305579,-0.090777,1.324736,-39.0792
76.0320,-0.306994,-0.092632,1.322911,-38.9069
76.0470,-0.307780,-0.094925,1.322617,-38.8030
76.0630,-0.308849,-0.097073,1.321959,-38.7021
76.0940,-0.309978,-0.099252,1.321135,-38.5525
76.1100,-0.311090,-0.101386,1.320251,-38.4078
76.1250,-0.312132,-0.103395,1.319498,-38.2493
76.1410,-0.313071,-0.105305,1.318767,-38.0128
76.1570,-0.314484,-0.107049,1.317080,-37.7791
76.1880,-0.315643,-0.108893,1.315619,-37.6294
76.2040,-0.316618,-0.110808,1.314414,-37.5530
